telepules,valasztopolgar,megjelent,ervenyes,fidesz_szavazat,tisza_szavazat
Aba,3529,2688,2665,1270,1195
Abaliget,461,374,368,138,189
Abasár,1985,1609,1600,593,864
Abaújalpár,65,49,49,22,20
Abaújkér,451,335,332,166,135
Abaújlak,64,45,42,27,11
Abaújszolnok,131,78,76,28,23
Abaújszántó,2114,1515,1497,567,800
Abaújvár,97,70,70,38,31
Abda,2540,2154,2147,812,1170
Abod,122,94,93,58,29
Abony,11246,8503,8450,3571,4073
Abádszalók,3022,2128,2121,963,987
Acsa,1061,795,790,368,344
Acsalag,382,351,351,175,151
Acsád,495,404,396,221,138
Adony,3303,2596,2583,915,1418
Adorjánháza,298,216,213,115,86
Adorjás,129,87,86,54,29
Adács,2057,1482,1474,687,672
Adásztevel,600,475,470,231,176
Aggtelek,396,314,313,155,143
Agyagosszergény,759,661,660,295,307
Ajak,2708,2147,2132,836,1179
Ajka,21171,16805,16754,5778,9604
Aka,205,174,173,88,70
Akasztó,2549,2021,2012,935,886
Alacska,541,385,384,164,202
Alap,1377,1023,1017,564,384
Alattyán,1581,1158,1145,585,474
Albertirsa,10757,8550,8513,3199,4527
Alcsútdoboz,1127,936,927,531,344
Aldebrő,568,455,451,147,217
Algyő,4219,3479,3467,944,2218
Alibánfa,323,264,263,121,125
Almamellék,261,190,190,86,79
Almásfüzitő,1581,1237,1228,456,649
Almásháza,55,44,44,17,22
Almáskamarás,607,420,407,177,184
Almáskeresztúr,56,44,44,21,21
Alsóberecki,558,418,415,163,235
Alsóbogát,172,130,129,75,47
Alsódobsza,207,177,177,85,71
Alsógagy,61,52,51,21,22
Alsómocsolád,226,155,151,76,58
Alsónemesapáti,528,417,413,182,196
Alsónyék,546,431,429,179,208
Alsónána,499,410,410,159,214
Alsónémedi,4207,3486,3463,1514,1609
Alsópetény,477,379,377,146,191
Alsópáhok,1157,964,959,419,457
Alsórajk,253,174,172,79,80
Alsóregmec,144,122,122,54,60
Alsószenterzsébet,43,40,40,21,15
Alsószentiván,451,346,344,160,146
Alsószentmárton,813,560,535,275,179
Alsószuha,310,241,238,126,90
Alsószölnök,274,230,228,109,88
Alsótelekes,96,74,74,34,35
Alsótold,174,149,147,60,79
Alsóvadász,1041,600,594,277,253
Alsózsolca,4103,2994,2962,1193,1509
Alsóörs,1543,1322,1320,480,727
Alsóújlak,437,360,357,203,125
Ambrózfalva,353,274,273,116,139
Anarcs,1467,1087,1081,435,546
Andocs,718,525,522,273,217
Andornaktálya,2035,1723,1716,516,1032
Andrásfa,200,162,160,80,67
Annavölgy,718,521,517,172,284
Apagy,1781,1274,1266,552,595
Apaj,883,677,677,277,337
Aparhant,780,642,623,316,235
Apc,1939,1468,1465,558,754
Apostag,1649,1274,1262,463,653
Apácatorna,129,103,102,63,30
Apátfalva,2314,1634,1622,652,826
Apátistvánfalva,307,256,252,105,95
Apátvarasd,100,78,77,41,33
Aranyosapáti,1442,946,931,598,295
Aranyosgadány,279,191,187,66,90
Arka,45,41,41,10,25
Arló,2420,1342,1328,838,409
Arnót,1780,1459,1452,599,734
Aszaló,1302,894,876,419,396
Aszód,4694,3939,3911,1320,2283
Aszófő,360,326,325,125,167
Atkár,1431,1162,1154,413,620
Attala,598,480,473,235,201
Babarc,523,381,378,150,119
Babarcszőlős,70,51,51,27,20
Babosdöbréte,406,310,309,159,117
Babócsa,1111,762,756,367,350
Babót,881,727,725,321,344
Badacsonytomaj,1630,1357,1355,516,721
Badacsonytördemic,670,534,533,191,295
Bag,2932,2264,2252,927,1122
Bagamér,1849,1206,1171,540,512
Baglad,32,24,23,14,4
Bagod,949,781,776,371,364
Baj,2273,1909,1898,542,1134
Baja,28888,23359,23138,7612,13531
Bajna,1506,1183,1181,544,535
Bajánsenye,373,326,323,203,83
Bajót,1230,893,880,424,393
Bak,1226,1004,1002,432,481
Bakháza,124,90,90,42,41
Bakonszeg,906,717,713,322,333
Bakonya,279,209,206,74,114
Bakonybánk,318,244,242,110,104
Bakonybél,891,735,735,317,360
Bakonycsernye,2387,1924,1912,810,906
Bakonygyirót,132,110,110,46,54
Bakonyjákó,553,445,444,172,210
Bakonykoppány,156,135,129,51,53
Bakonykúti,120,98,98,25,64
Bakonynána,751,617,610,181,281
Bakonyoszlop,334,250,248,101,115
Bakonypéterd,241,200,199,102,80
Bakonypölöske,326,249,245,99,110
Bakonyszentiván,156,123,120,63,37
Bakonyszentkirály,642,517,515,237,232
Bakonyszentlászló,1347,1038,1029,442,493
Bakonyszombathely,1089,815,811,306,444
Bakonyszücs,202,172,170,71,48
Bakonyság,43,36,36,22,12
Bakonysárkány,767,632,597,270,257
Bakonytamási,467,371,368,190,146
Baks,1475,1008,987,400,496
Baksa,621,478,468,159,263
Baktakék,528,325,325,187,108
Baktalórántháza,2608,2221,2201,1392,724
Baktüttös,267,207,205,116,73
Bakóca,210,136,134,89,40
Balajt,342,182,178,129,42
Balassagyarmat,13855,11723,11635,3607,6909
Balaton,748,559,556,202,302
Balatonakali,559,472,469,173,254
Balatonakarattya,826,672,669,230,373
Balatonalmádi,7610,6427,6400,2170,3650
Balatonberény,868,693,691,245,392
Balatonboglár,4353,3580,3569,1418,1892
Balatoncsicsó,191,156,156,41,81
Balatonederics,795,656,655,324,275
Balatonendréd,1041,823,819,382,345
Balatonfenyves,1664,1314,1294,580,620
Balatonföldvár,1810,1541,1537,590,844
Balatonfüred,14263,12200,12151,3802,7450
Balatonfőkajár,1048,825,818,344,369
Balatonfűzfő,3495,2916,2898,1022,1632
Balatongyörök,925,788,784,310,411
Balatonhenye,116,100,100,33,55
Balatonkenese,2076,1709,1701,688,895
Balatonkeresztúr,1341,1077,1075,369,611
Balatonlelle,3732,3039,3021,1246,1540
Balatonmagyaród,329,228,228,111,87
Balatonmáriafürdő,600,483,480,181,243
Balatonrendes,147,120,120,52,60
Balatonszabadi,2325,1871,1864,766,933
Balatonszemes,1325,1089,1087,477,512
Balatonszentgyörgy,1164,941,937,404,468
Balatonszepezd,384,310,310,142,143
Balatonszárszó,1694,1389,1385,557,730
Balatonszőlős,484,406,406,114,241
Balatonudvari,299,258,257,113,130
Balatonvilágos,1091,926,923,293,553
Balatonújlak,339,289,288,128,131
Balatonőszöd,407,333,332,155,145
Balinka,706,547,546,235,230
Balkány,4500,3202,3171,1456,1526
Ballószög,3255,2694,2676,915,1493
Balmazújváros,13378,10141,10059,3751,5352
Balogunyom,897,766,764,343,342
Balotaszállás,1102,784,760,362,316
Balsa,542,391,390,179,173
Balástya,2589,1939,1934,740,973
Bana,1201,950,947,421,454
Barabás,697,483,471,282,162
Baracs,2838,2207,2192,719,1281
Baracska,2236,1801,1793,709,945
Baranyahídvég,132,94,94,56,35
Baranyajenő,334,213,212,122,84
Baranyaszentgyörgy,76,52,52,37,13
Barbacs,607,479,478,248,193
Barcs,10209,8031,7989,2553,4787
Barlahida,89,82,81,31,42
Barnag,99,84,84,42,29
Basal,154,125,125,49,69
Baskó,134,121,119,67,33
Battonya,3984,2634,2616,1078,1342
Batyk,276,205,204,103,85
Baté,587,458,446,153,243
Bazsi,335,263,262,117,122
Becsehely,1553,1249,1240,465,669
Becske,406,320,316,144,123
Becskeháza,21,21,21,7,9
Becsvölgye,592,463,455,225,201
Bedegkér,286,178,178,81,90
Bedő,313,203,201,138,53
Bejcgyertyános,353,282,279,143,110
Bekecs,1867,1516,1505,501,885
Bekölce,487,342,335,161,150
Belecska,195,158,156,75,69
Beled,1999,1635,1626,810,706
Beleg,399,305,303,173,115
Belezna,517,389,385,176,178
Beloiannisz,857,672,666,264,344
Belsősárd,91,80,80,33,39
Belvárdgyula,294,213,211,96,94
Benk,342,242,237,124,99
Bercel,1259,985,984,513,365
Beregdaróc,694,432,426,268,143
Beregsurány,545,347,342,226,106
Berekböszörmény,1437,884,863,543,211
Berekfürdő,1022,818,816,343,414
Beremend,1831,1372,1363,525,757
Berente,830,609,603,187,350
Beret,205,142,134,85,16
Berettyóújfalu,13430,10869,10784,3775,6157
Berhida,4440,3204,3163,1320,1514
Berkenye,614,520,518,170,223
Berkesd,625,472,444,174,175
Berkesz,565,467,464,233,204
Bernecebaráti,606,493,492,245,194
Berzence,1735,1283,1271,674,514
Berzék,719,499,494,265,195
Besence,88,57,57,27,28
Besenyszög,2583,2054,2047,781,1026
Besenyőd,548,389,385,218,142
Besenyőtelek,2000,1455,1447,742,629
Besnyő,1471,1159,1154,451,609
Beszterec,710,468,459,230,184
Bezedek,162,127,126,62,41
Bezenye,819,680,676,331,251
Bezeréd,110,105,102,49,45
Bezi,415,357,349,151,166
Biatorbágy,11224,9651,9580,3065,5621
Bicske,11421,9554,9512,3395,5386
Bicsérd,779,604,604,256,313
Bihardancsháza,137,95,94,53,31
Biharkeresztes,3680,2605,2499,1432,859
Biharnagybajom,1845,1213,1193,549,492
Bihartorda,721,512,487,219,199
Biharugra,666,531,530,311,188
Bikal,511,401,400,105,250
Bikács,326,234,232,139,73
Biri,992,777,771,323,407
Birján,424,361,358,120,190
Bisse,199,146,145,69,64
Boba,615,518,518,306,155
Bocfölde,913,771,766,326,371
Boconád,1019,766,762,306,376
Bocska,230,169,168,79,80
Bocskaikert,3122,2520,2509,868,1443
Boda,323,265,256,103,125
Bodajk,3066,2555,2546,932,1331
Bodmér,203,170,170,60,98
Bodolyabér,168,110,108,46,44
Bodonhely,275,233,233,131,86
Bodony,530,402,397,212,153
Bodorfa,73,63,63,32,24
Bodrog,299,230,230,88,114
Bodroghalom,921,621,607,263,293
Bodrogkeresztúr,687,558,557,245,277
Bodrogkisfalud,604,492,490,178,265
Bodrogolaszi,684,523,521,197,288
Bogdása,199,135,131,73,41
Bogyiszló,1652,1227,1220,653,454
Bogyoszló,493,401,400,192,184
Bogács,1584,1216,1203,494,597
Bogád,896,731,731,252,425
Bogádmindszent,314,233,233,102,122
Bojt,416,282,267,119,51
Bokod,1701,1359,1355,522,722
Bokor,80,71,71,31,32
Boldog,2327,1886,1868,809,854
Boldogasszonyfa,272,213,212,121,67
Boldogkőváralja,637,477,473,216,231
Boldogkőújfalu,388,215,210,106,102
Boldva,1777,1205,1198,530,569
Bolhás,320,240,230,136,82
Bolhó,501,312,306,180,77
Boncodfölde,285,260,260,97,132
Bonnya,165,125,122,56,45
Bonyhád,9500,7613,7563,2994,3660
Bonyhádvarasd,338,270,269,118,91
Bordány,2602,2002,1986,718,1026
Borgáta,132,113,100,48,42
Borjád,292,224,221,80,92
Borota,954,690,686,272,337
Borsfa,533,426,423,180,219
Borsodbóta,576,359,358,107,195
Borsodgeszt,212,172,170,82,78
Borsodivánka,396,319,315,120,174
Borsodnádasd,2158,1451,1439,724,592
Borsodszentgyörgy,795,568,562,263,235
Borsodszirák,888,610,602,276,278
Borsosberény,703,517,509,187,264
Borszörcsök,285,223,217,120,68
Borzavár,592,490,489,200,246
Bosta,104,77,77,50,22
Botpalád,594,364,356,235,109
Botykapeterd,263,181,178,82,73
Bozsok,294,263,263,130,115
Bozzai,235,192,192,105,68
Bucsa,1642,1194,1191,635,495
Bucsu,469,406,399,237,132
Bucsuta,162,118,118,67,44
Budajenő,1910,1710,1706,563,983
Budakalász,9025,7856,7823,2525,4585
Budakeszi,11662,10131,10074,3171,6027
Budapest,999605,827015,823015,233805,524246
Budaörs,24911,21738,21644,5660,14267
Bugac,2087,1584,1583,716,694
Bugacpusztaháza,209,155,151,87,56
Bugyi,4229,3368,3353,1518,1482
Buj,1792,1273,1261,549,607
Buják,1542,1145,1130,609,401
Buzsák,914,714,713,295,350
Bábolna,2646,2158,2150,714,1301
Bábonymegyer,605,400,394,164,201
Bácsalmás,4859,3313,3284,1117,1807
Bácsbokod,1956,1383,1376,553,672
Bácsborsód,864,571,562,256,258
Bácsszentgyörgy,114,84,84,43,28
Bácsszőlős,243,170,169,77,77
Bágyogszovát,1030,863,859,468,324
Bálványos,428,338,337,143,169
Bánd,548,484,481,149,257
Bánfa,126,87,87,49,32
Bánhorváti,991,745,742,364,307
Bánk,590,490,482,181,227
Bánokszentgyörgy,462,339,335,167,136
Bánréve,880,655,649,267,312
Bár,452,354,352,123,149
Bárdudvarnok,852,672,662,255,329
Bárna,729,548,546,301,192
Bársonyos,578,405,400,211,155
Báránd,1847,1346,1343,602,649
Báta,1151,857,822,431,270
Bátaapáti,297,231,229,115,106
Bátaszék,4839,3711,3692,1478,1796
Bátmonostor,1206,893,886,387,419
Bátonyterenye,8694,6119,6071,2200,3331
Bátor,307,261,258,92,137
Bátorliget,482,370,367,166,162
Bátya,1540,1162,1157,468,616
Bázakerettye,506,410,408,126,241
Béb,205,179,177,94,66
Békás,160,130,129,81,40
Békés,17114,13573,13435,4952,7142
Békéscsaba,46842,38921,38731,11693,23519
Békésszentandrás,2769,2240,2218,778,1250
Békéssámson,1757,1261,1255,563,549
Bélapátfalva,2077,1519,1510,622,765
Bélavár,249,200,197,103,88
Bélmegyer,688,568,563,251,249
Bénye,1007,830,825,360,356
Bér,269,215,213,116,76
Bérbaltavár,382,245,242,127,92
Bócsa,1370,1081,1074,435,526
Bódvalenke,187,95,95,89,4
Bódvarákó,54,38,38,27,10
Bódvaszilas,645,481,473,269,178
Bókaháza,206,160,160,100,38
Bóly,2647,2192,2172,774,1078
Bózsva,151,118,118,48,58
Böde,210,176,173,86,67
Bödeháza,39,35,35,16,14
Bögöt,310,271,271,143,105
Bögöte,261,225,225,126,83
Böhönye,1646,1203,1199,517,561
Bököny,2293,1497,1470,897,480
Bölcske,2052,1606,1596,791,670
Börcs,1076,900,896,304,525
Börzönce,37,27,27,9,17
Búcsúszentlászló,535,453,450,204,196
Bük,2652,2118,2109,966,990
Bükkaranyos,1162,888,851,300,489
Bükkmogyorósd,97,79,79,33,35
Bükkszenterzsébet,779,527,513,281,179
Bükkszentkereszt,865,711,707,270,344
Bükkszentmárton,209,130,130,56,57
Bükkszék,522,431,431,175,216
Bükkzsérc,778,634,633,265,290
Bükkábrány,1290,1079,1072,452,498
Bükkösd,844,603,595,247,299
Bürüs,53,37,36,15,17
Büssü,184,116,114,84,14
Büttös,122,90,86,61,22
Bő,535,450,447,213,201
Bőcs,1940,1443,1410,583,660
Bőny,1769,1384,1375,595,679
Bőszénfa,359,279,269,116,121
Bősárkány,1696,1461,1456,806,522
Cakóháza,40,32,32,23,9
Cece,1981,1453,1444,853,492
Cegléd,29879,23811,23661,8342,13163
Ceglédbercel,3496,2773,2757,1030,1359
Celldömölk,7802,6365,6347,2895,2919
Cered,773,541,536,271,225
Chernelházadamonya,162,137,136,69,60
Cibakháza,2903,1926,1890,858,886
Cigánd,2146,1218,1190,542,564
Cikó,726,575,566,266,229
Cirák,409,351,348,212,115
Csabacsűd,1342,1077,1072,439,530
Csabaszabadi,228,199,199,90,80
Csabdi,1020,870,864,389,392
Csabrendek,2207,1652,1644,690,793
Csaholc,398,278,270,160,96
Csajág,655,512,510,221,238
Csanytelek,2056,1457,1442,645,700
Csanádalberti,332,240,237,113,100
Csanádapáca,1890,1335,1331,456,761
Csanádpalota,2100,1474,1457,586,741
Csapi,118,95,93,49,32
Csapod,444,388,384,203,130
Csarnóta,103,72,72,23,35
Csaroda,478,349,346,169,159
Csataszög,237,185,178,103,62
Csatka,185,141,141,57,66
Csatár,400,351,346,148,164
Csebény,56,48,48,23,21
Csegöld,530,382,381,221,145
Csehbánya,244,218,213,66,100
Csehi,197,152,152,95,43
Csehimindszent,257,184,183,103,72
Csempeszkopács,268,240,239,93,126
Csemő,3368,2318,2302,996,1030
Csengele,1422,1112,1104,498,508
Csenger,3676,2735,2704,1282,1195
Csengersima,623,401,395,224,145
Csengerújfalu,541,374,366,185,158
Csengőd,1619,1224,1218,661,424
Csenyéte,297,163,160,152,8
Csepreg,2464,1999,1985,989,815
Cserdi,285,165,154,62,63
Cserháthaláp,266,223,223,86,104
Cserhátsurány,581,444,440,246,160
Cserhátszentiván,96,78,78,36,33
Cserkeszőlő,1909,1497,1487,598,750
Cserkút,537,432,432,125,256
Csernely,479,322,320,166,122
Cserszegtomaj,2439,2072,2064,802,1048
Csertalakos,28,15,15,7,4
Csertő,298,211,210,107,89
Cserénfa,174,136,136,48,75
Cserépfalu,778,664,662,274,341
Cserépváralja,291,247,244,100,126
Csesznek,383,310,310,126,146
Csesztreg,650,546,544,245,266
Csesztve,252,205,202,60,96
Csetény,1444,1189,1184,545,529
Csibrák,199,111,111,61,43
Csikvánd,384,308,305,180,106
Csikéria,556,372,371,158,168
Csikóstőttős,643,446,445,184,203
Csincse,417,343,342,117,188
Csipkerek,288,229,226,111,108
Csitár,308,248,248,117,102
Csobaj,546,367,366,183,159
Csobád,481,352,346,161,135
Csobánka,2767,2217,2197,792,1235
Csokonyavisonta,1098,798,788,389,336
Csokvaomány,498,360,359,160,172
Csolnok,2512,1984,1971,576,1121
Csoma,329,273,272,138,110
Csombárd,208,167,164,73,75
Csomád,1417,1203,1200,373,714
Csongrád,12256,9790,9746,3778,4958
Csonkahegyhát,257,224,222,102,105
Csonkamindszent,126,96,95,52,35
Csopak,1634,1404,1396,474,802
Csorna,9302,8072,8044,3398,4138
Csorvás,3669,2708,2697,956,1472
Csurgó,3656,2734,2714,1116,1376
Csurgónagymarton,111,85,83,33,39
Csáfordjánosfa,164,122,120,60,50
Csákberény,907,790,785,381,314
Csákvár,4158,3355,3344,1471,1577
Csákány,169,96,96,66,25
Csákánydoroszló,1203,988,985,493,440
Csánig,297,257,256,146,84
Csány,1721,1127,1112,564,427
Csányoszró,469,309,302,125,161
Csárdaszállás,328,257,255,97,130
Császló,284,180,176,120,49
Császár,1427,1118,1105,500,502
Császártöltés,1731,1266,1241,431,590
Csátalja,1017,729,722,353,289
Csávoly,1366,960,945,395,442
Csécse,663,523,519,248,205
Csém,316,273,273,151,94
Csénye,562,482,477,222,216
Csép,278,223,221,114,94
Csépa,1224,785,763,390,285
Csér,23,22,22,5,15
Csévharaszt,1663,1276,1270,521,628
Csókakő,1252,1042,1034,440,479
Csólyospálos,1220,970,961,428,409
Csór,1510,1255,1251,513,608
Csót,716,551,548,281,223
Csöde,49,43,43,32,6
Csögle,478,363,359,194,135
Csökmő,1396,1019,1009,443,497
Csököly,705,495,490,289,176
Csömend,207,170,169,101,61
Csömödér,458,347,339,133,148
Csömör,7619,6577,6546,1895,4123
Csönge,274,200,200,132,59
Csörnyeföld,287,202,202,99,90
Csörög,1675,1235,1226,572,545
Csörötnek,643,442,439,250,154
Csősz,790,614,611,271,279
Csővár,503,426,422,202,167
Cák,225,190,190,93,81
Cégénydányád,480,371,368,201,152
Cún,158,103,98,46,48
Dabas,15500,13064,13001,4998,6993
Dabronc,314,213,213,120,61
Dabrony,314,221,217,103,96
Dad,783,668,663,290,308
Dalmand,902,645,644,336,254
Damak,170,157,153,55,81
Daraboshegy,81,77,72,28,37
Darnó,112,73,72,45,24
Darnózseli,1278,1046,1038,468,477
Daruszentmiklós,961,677,675,323,288
Darvas,402,292,286,136,136
Darány,667,457,440,190,195
Debercsény,70,54,54,23,18
Debrecen,126231,103081,102583,33422,61401
Debréte,9,8,8,6,2
Decs,3047,2177,2156,1111,903
Dejtár,1078,798,785,346,352
Demecser,3092,2261,2231,1087,960
Demjén,512,435,434,162,232
Dencsháza,415,255,247,102,128
Derecske,6451,4907,4872,2236,2255
Derekegyház,1061,852,846,279,474
Deszk,3106,2588,2578,688,1687
Detek,185,144,142,77,48
Detk,920,730,723,277,386
Devecser,3402,2333,2318,997,1171
Dinnyeberki,61,42,39,20,18
Diósberény,242,175,168,76,65
Diósd,8445,7459,7421,2133,4686
Diósjenő,2224,1662,1657,783,705
Dióskál,344,244,239,131,96
Diósviszló,500,357,343,181,137
Doba,366,279,278,151,107
Doboz,3211,2406,2377,978,1183
Dobri,117,97,97,36,56
Dobronhegy,127,113,112,56,45
Domaháza,566,328,326,193,112
Domaszék,3863,3023,3002,1160,1509
Dombegyház,1395,984,975,477,414
Dombiratos,382,293,289,144,134
Dombrád,2716,1802,1794,815,879
Dombóvár,15637,12410,12350,4457,6773
Domony,1746,1390,1375,589,664
Domoszló,1534,1219,1217,464,613
Dormánd,720,526,517,241,234
Dorog,8724,6784,6751,1969,4206
Dorogháza,769,590,582,265,265
Dozmat,251,239,237,98,126
Drágszél,214,147,147,81,51
Drávacsehi,134,90,88,44,37
Drávacsepely,167,123,123,71,41
Drávafok,360,232,223,83,101
Drávagárdony,117,70,70,46,19
Drávaiványi,119,79,77,54,19
Drávakeresztúr,81,60,59,29,13
Drávapalkonya,208,138,133,60,58
Drávapiski,74,54,53,30,23
Drávaszabolcs,519,375,369,141,190
Drávaszerdahely,126,103,103,42,46
Drávasztára,284,190,186,94,66
Drávatamási,157,117,113,59,43
Drégelypalánk,1046,718,702,345,252
Dubicsány,226,193,193,60,118
Dudar,1324,1033,1022,437,491
Duka,192,146,144,77,52
Dunaalmás,1391,1106,1104,432,579
Dunabogdány,2549,2142,2124,935,883
Dunaegyháza,1196,848,848,274,518
Dunafalva,635,498,494,270,180
Dunaföldvár,6415,4911,4881,1983,2428
Dunaharaszti,17900,15014,14962,4465,9151
Dunakeszi,34643,30072,29943,7973,19669
Dunakiliti,1327,1063,1055,491,486
Dunapataj,2506,1867,1851,724,991
Dunaremete,206,184,184,70,92
Dunaszeg,1839,1576,1571,641,818
Dunaszekcső,1442,1006,970,431,360
Dunaszentbenedek,599,404,399,192,167
Dunaszentgyörgy,1897,1551,1543,746,659
Dunaszentmiklós,441,378,374,128,181
Dunaszentpál,571,487,482,171,285
Dunasziget,1247,1044,1042,513,448
Dunatetétlen,436,342,336,174,133
Dunavarsány,6879,5680,5630,1807,3345
Dunavecse,3046,2171,2151,946,1031
Dunaújváros,34814,27776,27660,8004,17406
Dusnok,2234,1804,1788,831,734
Dág,744,608,607,223,303
Dáka,346,284,284,120,140
Dámóc,243,169,167,91,64
Dánszentmiklós,2131,1608,1604,712,718
Dány,3563,2777,2751,1413,1120
Dávod,1462,1007,998,492,409
Dédestapolcsány,1053,810,807,260,464
Dég,1592,1133,1125,584,438
Délegyháza,4450,3606,3592,1188,2113
Dénesfa,316,246,244,118,108
Dévaványa,5307,3910,3888,1800,1772
Dóc,558,418,416,183,189
Döbröce,57,49,49,25,19
Döbrököz,1429,1004,997,486,370
Döbrönte,217,197,188,70,91
Döbörhegy,124,98,98,62,31
Döge,1656,1174,1167,510,611
Dömsöd,4757,3531,3521,1635,1568
Dömös,926,726,719,306,350
Dör,478,402,400,211,167
Dörgicse,223,189,188,66,103
Döröske,94,77,76,38,33
Dötk,25,21,21,8,12
Dövény,211,166,160,87,53
Dúzs,194,133,131,63,58
Ebergőc,125,104,103,53,37
Ebes,3742,3066,3049,1088,1680
Ecseg,866,618,615,340,214
Ecsegfalva,856,592,589,280,260
Ecseny,130,102,102,72,17
Ecser,3244,2748,2740,878,1616
Ecséd,2536,1969,1953,814,968
Edde,128,85,85,57,22
Edelény,7026,5233,5117,2090,2483
Edve,89,82,81,41,30
Eger,41637,34873,34750,10670,21258
Egeralja,189,162,157,106,38
Egeraracsa,239,176,176,77,89
Egerbakta,1143,869,864,523,288
Egerbocs,420,324,323,149,126
Egercsehi,987,688,679,279,352
Egerfarmos,521,369,365,163,177
Egerlövő,410,352,350,158,178
Egerszalók,1510,1228,1222,476,644
Egerszólát,815,697,695,242,386
Egervár,789,655,654,335,269
Egervölgy,282,203,200,112,70
Egerág,761,625,625,221,338
Egyed,418,356,356,191,129
Egyek,3813,2546,2520,1323,1003
Egyházasdengeleg,315,250,243,96,120
Egyházasfalu,707,589,585,329,209
Egyházasgerge,529,368,363,214,132
Egyházasharaszti,250,179,179,106,64
Egyházashetye,232,195,194,125,56
Egyházashollós,438,357,357,218,106
Egyházaskesző,379,270,269,118,135
Egyházaskozár,551,405,403,136,210
Egyházasrádóc,1045,908,898,458,363
Elek,3429,2467,2444,1097,1091
Ellend,173,133,132,49,70
Előszállás,1771,1314,1306,602,563
Emőd,3845,2793,2777,1041,1500
Encs,4489,3325,3290,1534,1523
Encsencs,1342,925,910,634,227
Endrefalva,861,575,559,361,129
Endrőc,279,187,178,79,77
Enese,1439,1231,1222,529,605
Enying,5084,3712,3680,1610,1629
Eperjes,342,253,250,127,109
Eperjeske,799,528,514,306,169
Eplény,452,394,394,151,205
Epöl,490,419,419,225,161
Ercsi,6274,4739,4695,1935,2328
Erdőbénye,790,564,563,265,244
Erdőhorváti,392,288,285,127,124
Erdőkertes,7529,6042,6013,2026,3431
Erdőkövesd,459,339,338,166,145
Erdőkürt,418,343,338,145,151
Erdősmecske,270,199,185,109,53
Erdősmárok,56,46,45,24,17
Erdőtarcsa,422,299,294,144,96
Erdőtelek,2492,1616,1577,773,609
Erk,636,407,398,246,135
Erzsébet,218,160,158,47,89
Eszteregnye,505,415,414,167,212
Esztergom,23963,19406,19295,6648,11042
Esztergályhorváti,328,223,213,75,109
Esztár,1043,754,739,416,277
Ete,458,378,377,192,136
Etes,996,638,635,293,295
Etyek,3520,2987,2974,1007,1695
Fadd,3076,2288,2270,1123,946
Fajsz,1233,887,877,384,403
Fancsal,221,189,182,74,94
Farkasgyepű,316,262,257,69,156
Farkaslyuk,1198,716,681,401,196
Farmos,2766,2066,2059,878,981
Farád,1530,1310,1308,699,527
Fazekasboda,145,102,98,39,32
Fedémes,226,181,181,104,59
Fegyvernek,4833,3335,3302,1266,1736
Fehérgyarmat,5657,4421,4368,1809,2293
Fehértó,357,300,299,151,127
Fehérvárcsurgó,1709,1440,1438,586,697
Feked,149,134,132,39,57
Feketeerdő,443,399,398,143,204
Felcsút,1455,1247,1236,650,504
Feldebrő,778,585,579,246,281
Felgyő,867,690,687,300,320
Felpéc,768,630,627,257,315
Felsőberecki,205,153,153,62,83
Felsőcsatár,394,340,339,137,151
Felsődobsza,645,408,393,174,155
Felsőegerszeg,100,81,80,34,41
Felsőgagy,155,78,76,18,54
Felsőjánosfa,148,136,136,76,48
Felsőkelecsény,294,193,189,80,102
Felsőlajos,777,599,594,274,257
Felsőmarác,204,184,184,99,65
Felsőmocsolád,255,181,181,85,86
Felsőnyárád,771,597,592,193,347
Felsőnyék,791,562,559,355,177
Felsőnána,437,335,335,163,141
Felsőpakony,2941,2411,2406,885,1266
Felsőpetény,457,392,390,218,130
Felsőpáhok,543,460,458,196,226
Felsőrajk,573,445,439,218,194
Felsőregmec,198,110,109,85,17
Felsőszenterzsébet,14,14,14,3,10
Felsőszentiván,1430,1065,1057,429,537
Felsőszentmárton,619,467,459,218,140
Felsőszölnök,439,349,344,173,104
Felsőtelekes,492,315,311,182,120
Felsőtold,112,84,83,30,47
Felsőtárkány,2671,2263,2254,815,1260
Felsővadász,362,244,229,147,48
Felsőzsolca,5055,3843,3816,1354,2100
Felsőörs,1538,1364,1361,449,779
Fenyőfő,67,56,56,24,26
Ferencszállás,511,409,407,109,262
Fertőboz,242,205,204,78,108
Fertőd,2544,2173,2165,968,988
Fertőendréd,498,428,425,221,160
Fertőhomok,698,603,602,244,310
Fertőrákos,1839,1494,1487,506,785
Fertőszentmiklós,3053,2676,2670,1232,1202
Fertőszéplak,1096,946,943,381,478
Fiad,82,56,56,30,24
Filkeháza,59,50,50,34,12
Fityeház,504,405,403,191,175
Foktő,1109,866,859,288,491
Folyás,222,161,158,61,84
Fony,209,157,156,81,61
Fonyód,3939,3185,3176,1213,1680
Fonó,248,168,167,71,82
Forráskút,1601,1294,1290,541,634
Forró,1858,1304,1277,681,449
Fulókércs,260,164,162,112,41
Furta,885,645,641,279,322
Fábiánháza,1333,841,822,512,244
Fábiánsebestyén,1509,1231,1227,434,696
Fácánkert,537,419,414,190,174
Fáj,292,208,207,173,30
Fényeslitke,1839,1378,1369,596,693
Fót,16035,13455,13392,4315,7977
Földes,3044,2387,2371,1065,1043
Földeák,2414,1873,1862,666,1051
Füle,713,589,588,241,272
Fülesd,325,233,232,122,93
Fülpösdaróc,262,211,210,138,58
Fülöp,1292,901,888,456,329
Fülöpháza,671,548,547,220,276
Fülöpjakab,888,699,697,312,324
Fülöpszállás,1764,1239,1230,589,539
Fürged,480,281,276,162,93
Füzesabony,5590,4234,4175,1637,2160
Füzesgyarmat,4130,3163,3149,1101,1812
Füzér,257,223,222,96,102
Füzérkajata,80,65,64,21,37
Füzérkomlós,200,160,159,55,87
Füzérradvány,219,161,155,66,68
Főnyed,56,39,38,17,18
Fűzvölgy,108,92,91,33,46
Gacsály,599,363,358,262,88
Gadna,170,89,80,61,5
Gadács,70,51,51,21,28
Gadány,211,142,140,85,49
Gagyapáti,26,22,21,10,10
Gagybátor,118,67,64,36,16
Gagyvendégi,149,98,98,58,37
Galambok,901,640,634,322,259
Galgaguta,483,392,390,174,170
Galgagyörk,716,559,556,265,240
Galgahévíz,2015,1599,1593,708,723
Galgamácsa,1512,1224,1217,500,598
Galvács,59,53,52,30,17
Gamás,516,345,340,202,104
Ganna,203,178,177,78,72
Gara,1451,1053,1039,444,482
Garabonc,476,348,341,191,121
Garadna,246,200,196,100,70
Garbolc,106,92,91,80,10
Garáb,28,24,24,10,9
Garé,238,196,196,86,98
Gasztony,353,292,292,173,95
Gecse,306,243,241,132,91
Gelej,407,326,323,159,143
Gellénháza,1160,974,969,412,449
Gelse,822,631,628,239,338
Gelsesziget,199,160,160,59,88
Gelénes,417,262,257,195,53
Gemzse,591,413,407,233,158
Gencsapáti,2099,1879,1868,721,996
Gerde,382,245,245,112,115
Gerendás,890,679,673,236,358
Geresdlak,550,421,417,177,167
Gerjen,947,725,713,354,308
Gersekarát,543,442,440,217,181
Gerényes,150,91,88,36,40
Geszt,532,368,367,262,87
Gesztely,1923,1426,1412,671,641
Geszteréd,1313,953,948,490,412
Gibárt,279,232,231,70,124
Gic,267,217,216,110,82
Gige,289,187,186,108,67
Gilvánfa,255,133,113,55,29
Girincs,591,405,390,253,120
Golop,423,342,340,164,153
Gomba,2497,1953,1941,754,989
Gombosszeg,45,35,35,10,15
Gordisa,213,142,140,72,49
Gosztola,53,45,45,13,31
Grábóc,119,94,94,62,25
Gulács,738,484,477,285,177
Gutorfölde,734,568,563,220,282
Gyalóka,61,56,56,16,40
Gyanógeregye,132,109,109,63,38
Gyarmat,1091,895,890,426,392
Gyenesdiás,3060,2556,2554,1041,1320
Gyepükaján,271,197,197,112,75
Gyermely,1209,1021,1015,390,531
Gyomaendrőd,10062,7431,7392,2696,3982
Gyugy,227,178,176,94,68
Gyula,25445,20959,20854,6697,12398
Gyulaháza,1431,965,952,418,469
Gyulaj,578,412,398,266,82
Gyulakeszi,559,432,432,183,218
Gyál,18874,15026,14983,4898,8865
Gyékényes,736,570,565,273,241
Gyód,627,510,509,194,248
Gyóró,283,222,221,128,74
Gyömrő,15001,12415,12376,3809,7611
Gyömöre,994,783,781,382,339
Gyöngyfa,104,72,67,38,13
Gyöngyös,23604,19486,19400,5990,11752
Gyöngyösfalu,894,764,761,319,380
Gyöngyöshalász,2105,1812,1804,604,1020
Gyöngyösmellék,225,152,143,64,57
Gyöngyösoroszi,1025,703,692,349,271
Gyöngyöspata,1826,1373,1371,686,570
Gyöngyössolymos,2285,1935,1921,640,1078
Gyöngyöstarján,1826,1544,1538,562,849
Gyönk,1329,998,996,493,399
Györe,481,383,383,141,197
Györgytarló,388,249,242,56,168
Györköny,748,602,597,236,238
Gyúró,1033,885,882,358,425
Gyügye,224,174,173,103,62
Gyüre,912,684,676,433,192
Győr,89997,74420,74110,24573,44008
Győrasszonyfa,398,307,302,153,126
Győrladamér,1483,1273,1268,449,726
Győrszemere,2821,2228,2222,925,1130
Győrság,1370,1148,1147,507,517
Győrsövényház,631,497,492,201,225
Győrtelek,1136,697,682,446,196
Győrvár,493,400,398,203,160
Győrzámoly,2896,2538,2530,849,1474
Győröcske,104,71,70,35,30
Győrújbarát,6210,5463,5449,1789,3230
Győrújfalu,1761,1593,1590,590,893
Gyűrűs,55,30,30,11,18
Gáborján,636,432,428,271,132
Gáborjánháza,53,44,44,33,7
Gádoros,2730,1928,1910,784,937
Gálosfa,163,125,122,72,36
Gánt,480,383,380,144,166
Gárdony,9942,8421,8382,2643,4981
Gátér,715,564,559,230,283
Gávavencsellő,2502,1802,1779,894,761
Géberjén,368,305,301,173,111
Géderlak,739,552,544,218,291
Gégény,1409,959,957,432,448
Gérce,856,633,632,313,257
Gétye,72,53,53,29,19
Gógánfa,568,401,400,199,162
Gór,251,215,214,105,84
Göd,16251,14177,14134,4187,8863
Gödre,598,431,418,201,142
Gödöllő,26520,22909,22820,7023,13975
Gölle,569,408,406,217,152
Gömörszőlős,59,52,52,27,15
Gönc,1306,959,947,489,396
Göncruszka,404,286,282,156,105
Gönyű,2513,2043,2039,871,1011
Görbeháza,1859,1429,1424,607,697
Görcsöny,1281,980,971,380,485
Görcsönydoboka,275,206,204,69,82
Görgeteg,796,524,520,268,228
Gősfa,240,198,197,113,64
Hagyárosbörönd,224,193,191,88,85
Hahót,811,593,587,294,243
Hajdúbagos,1558,1120,1107,498,505
Hajdúböszörmény,25214,20060,19884,6904,10957
Hajdúdorog,6585,4830,4777,2235,2164
Hajdúhadház,9441,6259,6143,3022,2478
Hajdúnánás,12520,9627,9583,3737,5012
Hajdúszoboszló,21311,17112,16994,5924,9725
Hajdúszovát,2256,1546,1512,752,604
Hajdúsámson,11233,8389,8334,3472,4254
Hajmás,158,110,107,61,32
Hajmáskér,2347,1745,1733,666,917
Hajós,2222,1747,1733,626,898
Halastó,59,56,55,34,17
Halimba,913,720,718,267,386
Halmaj,1235,960,946,445,423
Halmajugra,896,545,542,320,196
Halogy,190,164,163,101,48
Halászi,2549,2177,2166,900,1091
Halásztelek,9192,7757,7718,2413,4718
Hangony,1083,703,700,354,272
Hangács,435,314,310,164,119
Hantos,701,525,522,216,244
Harasztifalu,148,125,122,55,58
Harc,633,478,475,215,211
Harka,2351,2085,2079,731,1126
Harkakötöny,609,510,509,236,204
Harkány,4154,3274,3243,1239,1659
Harsány,1542,1187,1182,483,611
Harta,2602,2116,2085,657,1159
Hatvan,17891,14827,14762,4596,8728
Hedrehely,269,176,172,110,48
Hegyesd,128,111,111,48,44
Hegyeshalom,2611,2050,2035,836,1034
Hegyfalu,575,424,416,194,186
Hegyháthodász,120,100,100,55,33
Hegyhátmaróc,100,79,78,28,32
Hegyhátszentjakab,221,189,189,91,80
Hegyhátszentmárton,54,51,51,32,14
Hegyhátszentpéter,110,92,92,54,35
Hegyhátsál,106,85,84,54,25
Hegykő,1269,1124,1119,502,520
Hegymagas,216,185,185,63,108
Hegymeg,79,74,73,32,37
Hegyszentmárton,331,239,236,112,110
Hejce,166,131,130,77,47
Hejőbába,1222,853,848,402,397
Hejőkeresztúr,775,592,591,214,284
Hejőkürt,228,192,190,62,112
Hejőpapi,760,510,492,204,248
Hejőszalonta,526,413,412,242,146
Helesfa,280,182,178,71,92
Helvécia,4033,3204,3187,1221,1653
Hencida,852,525,498,303,96
Hencse,240,187,184,100,67
Herceghalom,1981,1740,1731,479,1153
Hercegkút,468,427,422,109,169
Hercegszántó,1449,997,993,440,443
Herencsény,443,330,326,186,107
Herend,2853,2412,2399,821,1293
Heresznye,183,137,137,69,41
Hermánszeg,209,137,136,93,33
Hernyék,65,55,55,17,35
Hernád,3280,2526,2513,941,1374
Hernádbűd,96,83,83,43,34
Hernádcéce,157,99,99,46,47
Hernádkak,1191,937,933,370,461
Hernádkércs,217,167,162,77,82
Hernádnémeti,2609,1899,1882,763,973
Hernádpetri,147,92,90,51,35
Hernádszentandrás,284,202,197,121,61
Hernádszurdok,121,107,100,61,25
Hernádvécse,655,417,403,282,98
Heréd,1446,1201,1196,488,576
Hetefejércse,238,163,159,116,39
Hetes,886,732,729,336,332
Hetvehely,371,284,280,112,125
Hetyefő,75,50,50,20,26
Heves,7494,5732,5670,2558,2633
Hevesaranyos,421,269,268,171,73
Hevesvezekény,489,374,373,142,201
Hidas,1553,1172,1164,498,522
Hidasnémeti,576,450,443,191,222
Hidegkút,367,310,307,87,171
Hidegség,336,293,290,115,146
Hidvégardó,353,263,263,143,102
Himesháza,771,618,606,193,260
Himod,527,416,410,213,140
Hirics,171,99,95,60,24
Hobol,751,579,575,176,349
Hodász,2290,1504,1484,980,470
Hollád,173,130,125,70,46
Hollóháza,522,398,397,156,194
Hollókő,246,205,204,79,109
Homokbödöge,517,403,400,206,163
Homokkomárom,204,140,139,62,66
Homokmégy,1016,773,768,290,408
Homokszentgyörgy,767,492,488,229,220
Homorúd,436,328,324,169,111
Homrogd,687,467,456,242,161
Hont,379,289,284,171,89
Horpács,137,115,114,44,55
Hort,2954,2410,2393,953,1225
Hortobágy,1071,800,799,292,444
Horváthertelend,40,30,30,22,7
Horvátlövő,139,133,133,68,45
Horvátzsidány,605,513,512,228,238
Hosszúhetény,2626,2135,2120,673,1211
Hosszúpereszteg,527,386,382,197,151
Hosszúpályi,4315,2982,2868,1366,1127
Hosszúvíz,36,27,27,14,8
Hosszúvölgy,133,110,110,30,64
Hosztót,52,45,44,29,11
Hottó,265,231,229,96,118
Hugyag,623,422,409,267,111
Hunya,471,353,350,159,160
Hunyadfalva,136,88,85,50,31
Husztót,39,21,21,12,8
Hács,261,208,208,83,109
Háromfa,489,356,352,158,173
Háromhuta,107,89,89,41,39
Hárskút,546,465,462,181,208
Hásságy,241,206,204,58,73
Hédervár,1023,876,868,335,471
Héhalom,748,579,564,283,236
Héreg,876,675,669,241,354
Hét,366,285,281,94,160
Hévíz,3377,2767,2746,1133,1396
Hévízgyörk,2678,2276,2261,813,1242
Hódmezővásárhely,35244,29118,28984,8642,18238
Hövej,277,240,239,115,97
Hőgyész,2046,1469,1457,623,680
Ibafa,140,99,98,48,44
Iborfia,12,12,12,8,3
Ibrány,4952,3528,3485,1404,1775
Igal,1049,825,822,370,384
Igar,696,484,477,245,202
Igrici,839,576,566,230,289
Iharos,345,244,243,122,109
Iharosberény,971,634,624,332,246
Ikervár,1310,1081,1079,431,552
Iklad,1571,1368,1357,416,703
Iklanberény,39,37,37,26,7
Iklódbördőce,217,159,159,87,57
Ikrény,1439,1237,1230,405,722
Iliny,112,93,93,47,30
Ilk,851,648,639,403,210
Illocska,187,142,129,68,53
Imola,76,61,59,27,31
Imrehegy,471,347,341,181,119
Inke,869,565,552,278,240
Ináncs,873,637,627,295,280
Inárcs,3777,3082,3050,1155,1602
Ipacsfa,160,136,136,74,52
Ipolydamásd,327,250,249,117,119
Ipolyszög,428,319,316,127,135
Ipolytarnóc,297,195,193,118,61
Ipolytölgyes,194,151,151,77,65
Ipolyvece,608,441,438,251,138
Iregszemcse,1915,1399,1389,522,736
Irota,62,51,51,18,27
Isaszeg,8999,7219,7182,2678,3846
Ispánk,78,71,71,35,25
Istenmezeje,1092,858,848,354,418
Istvándi,365,200,197,129,60
Iszkaszentgyörgy,1806,1511,1508,457,893
Iszkáz,280,213,212,141,53
Isztimér,725,615,610,221,299
Ivád,264,216,212,103,90
Iván,929,700,698,357,290
Ivánbattyán,79,62,59,27,21
Ivánc,370,290,286,158,97
Iváncsa,2172,1708,1703,672,903
Ivándárda,157,127,126,42,74
Izmény,333,242,241,130,84
Izsák,4443,3316,3298,1564,1445
Izsófalva,1221,844,841,385,393
Jakabszállás,2129,1720,1703,763,771
Jenő,1040,777,770,361,348
Jobaháza,414,327,323,182,120
Jobbágyi,1498,1090,1069,458,473
Juta,927,763,759,256,431
Jágónak,170,126,124,69,49
Ják,2052,1713,1707,659,898
Jákfa,402,329,326,137,166
Jákfalva,377,259,248,133,80
Jákó,466,337,334,175,137
Jánd,573,429,418,240,153
Jánkmajtis,1283,949,949,572,302
Jánoshalma,6424,4525,4498,1678,2382
Jánoshida,1901,1425,1408,600,696
Jánosháza,1842,1312,1307,573,638
Jánossomorja,4636,3715,3696,1830,1527
Járdánháza,1230,748,717,370,287
Jármi,974,751,750,377,326
Jásd,556,469,465,220,191
Jászalsószentgyörgy,2659,2029,2015,956,916
Jászapáti,6175,4547,4489,2058,2079
Jászberény,21582,17676,17534,5585,10569
Jászboldogháza,1353,1135,1128,477,523
Jászdózsa,1675,1297,1286,528,656
Jászfelsőszentgyörgy,1376,990,946,413,400
Jászfényszaru,4510,3420,3400,1600,1501
Jászivány,282,230,229,110,100
Jászjákóhalma,2222,1658,1640,760,760
Jászkarajenő,2004,1389,1348,655,586
Jászkisér,3789,2587,2540,1193,1107
Jászladány,3955,2485,2454,1488,771
Jászszentandrás,1969,1566,1561,628,791
Jászszentlászló,1940,1520,1513,636,731
Jásztelek,1149,850,834,391,367
Jászágó,559,424,424,180,197
Jászárokszállás,5810,4490,4459,1791,2275
Jéke,573,445,439,158,248
Jósvafő,201,172,172,77,80
Kaba,4384,3193,3170,1500,1352
Kacorlak,156,127,123,55,62
Kacsóta,205,162,157,44,77
Kadarkút,1846,1331,1319,673,557
Kajdacs,808,548,539,246,267
Kajárpéc,1016,810,804,378,354
Kajászó,980,810,807,327,408
Kakasd,1272,1068,1057,575,367
Kakucs,2426,1932,1920,787,941
Kalaznó,98,70,70,39,20
Kallósd,68,54,54,33,16
Kalocsa,13963,11561,11471,3123,7460
Kamond,268,196,196,128,62
Kamut,764,623,620,264,284
Kapolcs,321,271,271,108,151
Kapoly,484,347,339,165,147
Kaposfő,1194,951,943,374,480
Kaposgyarmat,74,62,62,22,33
Kaposhomok,351,220,218,95,108
Kaposkeresztúr,226,152,149,88,44
Kaposmérő,1859,1541,1532,625,773
Kapospula,649,511,508,228,234
Kaposszekcső,1209,853,849,332,426
Kaposszerdahely,791,619,613,224,330
Kaposvár,48445,38908,38752,12771,22858
Kaposújlak,547,468,463,142,286
Kapuvár,7737,6451,6411,2931,2953
Karakó,156,126,125,59,53
Karakószörcsök,210,163,159,95,50
Karancsalja,1122,865,864,328,445
Karancsberény,635,505,501,204,250
Karancskeszi,1309,873,869,460,332
Karancslapujtő,1915,1437,1433,699,605
Karancsság,894,577,568,369,168
Karcag,17283,13659,13580,5365,7245
Karcsa,1271,844,828,366,419
Kardos,422,318,313,145,136
Kardoskút,614,473,471,157,262
Karmacs,540,433,431,238,166
Karos,369,263,261,144,93
Kartal,4671,3848,3832,1606,1883
Karácsond,2280,1727,1718,689,860
Karád,1063,777,773,432,286
Kaskantyú,737,566,550,298,211
Kastélyosdombó,134,87,86,51,30
Kaszaper,1354,1032,1027,384,562
Kaszó,75,59,59,24,27
Katafa,269,234,233,133,73
Katymár,1263,804,795,396,339
Katádfa,98,82,81,48,25
Kazincbarcika,21670,16703,16590,4146,11044
Kazsok,213,165,163,127,32
Kazár,1329,902,889,417,400
Kecel,6200,4729,4646,2033,2099
Kecskemét,80093,64973,64704,20939,38503
Kecskéd,1612,1329,1322,478,672
Kehidakustány,899,717,714,343,297
Kelebia,1889,1309,1299,563,565
Kelemér,335,229,225,128,90
Kelevíz,253,172,168,87,72
Keléd,69,61,61,32,29
Kemecse,3619,2800,2773,1344,1238
Kemence,721,549,541,276,218
Kemendollár,364,275,274,114,134
Kemeneshőgyész,359,279,275,149,115
Kemeneskápolna,75,58,57,30,20
Kemenesmagasi,677,525,523,287,187
Kemenesmihályfa,397,313,312,159,127
Kemenespálfa,318,241,241,133,82
Kemenesszentmárton,159,119,118,60,51
Kemenesszentpéter,503,389,388,222,128
Kemenessömjén,402,352,350,177,144
Kemestaródfa,178,150,149,80,56
Kemse,45,41,41,24,16
Keménfa,63,53,53,27,25
Kenderes,3195,2186,2157,1180,805
Kengyel,2637,1941,1928,826,918
Kenyeri,656,549,547,315,189
Kenéz,210,170,167,99,55
Kenézlő,867,539,538,259,243
Kercaszomor,172,144,143,63,55
Kercseliget,257,174,167,69,79
Kerecsend,1558,1120,1115,719,358
Kerecseny,185,103,100,62,33
Kerekegyháza,4941,3903,3885,1694,1818
Kerekharaszt,756,633,630,251,303
Kereki,433,339,338,136,159
Kerepes,8738,7355,7322,2351,4323
Keresztéte,31,29,27,7,17
Kerkabarabás,222,172,172,90,65
Kerkafalva,102,93,93,50,23
Kerkakutas,90,80,80,48,29
Kerkaszentkirály,168,142,140,61,60
Kerkateskánd,130,109,108,47,47
Kerkáskápolna,58,45,45,32,9
Kerta,408,300,300,189,90
Kertészsziget,268,192,191,90,89
Kerékteleki,511,381,376,168,176
Keszeg,592,506,506,252,186
Kesznyéten,1293,843,827,499,243
Keszthely,17566,14834,14778,5250,8376
Kesztölc,2159,1696,1692,563,972
Keszü,1100,943,943,272,577
Keszőhidegkút,141,108,106,50,22
Kevermes,1219,847,829,416,340
Kilimán,164,128,125,59,58
Kimle,1759,1448,1430,636,621
Kincsesbánya,1147,942,940,385,476
Királd,531,349,349,139,179
Királyegyháza,691,487,485,213,229
Királyhegyes,458,366,365,173,156
Királyszentistván,365,295,295,103,167
Kisapostag,1204,1010,1007,329,576
Kisapáti,275,220,218,106,85
Kisar,726,509,502,295,180
Kisasszond,124,92,90,33,50
Kisasszonyfa,147,113,105,49,42
Kisbabot,190,157,156,78,61
Kisbajcs,701,605,603,227,321
Kisbajom,260,175,172,91,72
Kisberzseny,76,52,51,19,23
Kisberény,109,80,78,35,26
Kisbeszterce,59,46,46,21,23
Kisbodak,271,236,235,96,116
Kisbucsa,351,295,293,135,136
Kisbudmér,62,46,46,19,22
Kisbágyon,325,251,251,97,118
Kisbárapáti,271,186,183,82,83
Kisbárkány,128,115,114,71,31
Kisbér,4227,3273,3251,1403,1620
Kiscsehi,142,127,126,64,52
Kiscsécs,129,88,85,55,9
Kiscsősz,83,69,69,38,23
Kisdobsza,185,133,129,75,49
Kisdombegyház,318,213,210,113,83
Kisdorog,534,407,404,220,128
Kisdér,106,79,78,35,36
Kisecset,166,126,126,58,49
Kisfalud,579,503,499,281,178
Kisfüzes,105,88,87,28,44
Kisgyalán,143,105,105,56,45
Kisgyőr,1228,898,887,352,415
Kisgörbő,138,100,97,44,51
Kishajmás,141,91,88,40,42
Kisharsány,372,281,281,123,145
Kishartyán,417,341,339,128,169
Kisherend,171,130,130,67,51
Kishuta,212,177,177,57,107
Kishódos,46,42,42,23,17
Kisigmánd,378,303,303,129,163
Kisjakabfalva,78,46,46,26,19
Kiskassa,187,148,145,52,62
Kiskinizs,250,185,184,90,83
Kiskorpád,663,480,476,214,223
Kiskunfélegyháza,24502,19454,19363,6818,11120
Kiskunhalas,22806,17695,17528,6129,9620
Kiskunlacháza,7456,5685,5655,2186,2963
Kiskunmajsa,8334,6102,6048,2659,2854
Kiskutas,151,126,125,54,59
Kisköre,1967,1332,1329,581,640
Kiskőrös,10520,8535,8487,4106,3555
Kislippó,222,155,151,54,88
Kisláng,1853,1312,1299,715,459
Kisléta,1145,854,844,375,437
Kislőd,956,726,712,293,312
Kismarja,956,629,622,440,143
Kismaros,1996,1771,1762,562,984
Kismányok,269,217,217,77,96
Kisnamény,228,134,131,86,38
Kisnyárád,120,96,92,22,32
Kisnána,756,534,531,218,261
Kisnémedi,561,471,467,173,255
Kisoroszi,798,688,686,272,347
Kispalád,446,294,287,195,61
Kispirit,58,43,43,28,12
Kispáli,226,187,186,90,82
Kisrozvágy,148,91,91,47,35
Kisrákos,133,124,122,71,37
Kisrécse,124,91,91,49,37
Kissikátor,226,190,189,61,113
Kissomlyó,183,153,153,53,79
Kisszekeres,425,293,292,158,111
Kisszentmárton,166,117,113,66,33
Kissziget,114,84,83,58,21
Kisszállás,1806,1312,1306,583,547
Kisszékely,229,175,170,107,52
Kisszőlős,89,60,59,46,10
Kistamási,94,59,55,34,13
Kistapolca,155,125,125,59,61
Kistarcsa,10330,8855,8823,2768,5358
Kistelek,5686,4412,4402,1566,2487
Kistokaj,1806,1531,1528,420,975
Kistolmács,118,83,83,48,30
Kistormás,229,152,151,84,53
Kistótfalu,244,195,194,80,99
Kisunyom,362,319,319,145,149
Kisvarsány,771,547,536,272,229
Kisvaszar,225,142,133,71,40
Kisvejke,267,214,207,79,57
Kisvárda,15062,12402,12297,3868,7680
Kisvásárhely,53,43,43,27,12
Kiszombor,3018,2295,2288,825,1267
Kiszsidány,75,67,67,22,31
Kisújszállás,7903,5875,5830,2451,2793
Klárafalva,401,298,295,117,147
Kocs,2053,1691,1684,808,704
Kocsola,883,601,596,277,261
Kocsord,2141,1543,1527,767,582
Kocsér,1424,1097,1088,542,457
Kokad,482,307,304,200,79
Kolontár,540,410,406,173,200
Komjáti,110,91,91,44,45
Komló,18614,13351,13199,4096,7877
Komlódtótfalu,116,85,84,56,16
Komlósd,139,112,111,56,45
Komlóska,177,152,150,52,86
Komoró,971,668,663,319,301
Kompolt,1425,996,988,362,508
Komádi,3777,2513,2479,1213,1063
Komárom,16592,13882,13811,4847,7728
Kondorfa,382,321,321,181,109
Kondoros,3696,2828,2813,1067,1507
Kondó,439,340,338,125,178
Konyár,1578,927,908,526,300
Koppányszántó,238,167,167,105,42
Korlát,228,178,171,77,86
Koroncó,1986,1610,1605,659,822
Kosd,1989,1648,1638,769,740
Kovácshida,180,133,133,64,60
Kovácsszénája,46,40,40,13,22
Kovácsvágás,450,278,275,157,101
Kozmadombja,29,28,26,15,9
Kozárd,125,111,111,60,31
Kozármisleny,5063,4367,4291,1284,2661
Krasznokvajda,290,205,200,116,73
Kulcs,2934,2359,2350,762,1402
Kunadacs,1096,837,830,443,316
Kunbaja,1115,720,714,303,347
Kunbaracs,527,404,401,198,165
Kuncsorba,444,334,332,158,141
Kunfehértó,1755,1401,1393,462,765
Kunhegyes,5475,3780,3747,1853,1619
Kunmadaras,3680,2352,2333,1258,865
Kunpeszér,618,497,497,225,225
Kunszentmiklós,6232,4837,4796,2542,1864
Kunszentmárton,5897,4312,4254,1615,2164
Kunsziget,1102,973,969,357,528
Kunszállás,1369,1119,1115,424,596
Kunágota,1851,1214,1211,597,502
Kup,352,273,266,105,114
Kupa,119,91,91,64,21
Kurd,831,563,551,237,250
Kurityán,1111,799,792,265,437
Kustánszeg,371,290,285,140,134
Kutas,984,664,657,352,260
Kutasó,68,54,52,24,26
Kács,405,326,325,151,153
Kákics,155,110,108,63,41
Kál,2621,1833,1819,767,919
Káld,797,618,616,259,296
Kálló,1055,662,649,357,214
Kállósemjén,2819,2027,2012,915,969
Kálmáncsa,391,257,252,147,93
Kálmánháza,1417,1088,1081,492,485
Káloz,1840,1396,1374,722,524
Kálócfa,103,89,88,47,38
Kám,361,299,299,152,127
Kántorjánosi,1526,950,930,657,233
Kány,45,37,37,18,19
Kánya,343,219,216,119,77
Kányavár,88,72,68,40,16
Kánó,120,103,102,56,41
Kápolna,1097,810,798,367,330
Kápolnásnyék,3192,2721,2705,948,1515
Káptalanfa,614,453,449,202,213
Káptalantóti,386,330,328,138,162
Kára,42,32,32,20,12
Károlyháza,427,336,334,193,129
Kárász,247,187,185,69,96
Kásád,206,154,148,72,50
Kátoly,240,185,180,67,71
Káva,512,426,406,136,236
Kávás,188,159,157,66,74
Kázsmárk,694,449,430,239,153
Kék,1480,1008,994,526,394
Kékcse,1049,761,751,444,278
Kéked,112,76,76,36,36
Kékesd,140,104,103,52,42
Kékkút,47,41,41,16,22
Kéleshalom,326,213,213,87,97
Kémes,349,277,275,126,132
Kérsemjén,231,180,174,108,61
Kétbodony,371,311,310,154,121
Kétegyháza,2715,1981,1959,678,1026
Kéthely,1576,1195,1192,557,554
Kétpó,492,398,397,138,235
Kétsoprony,986,812,782,360,344
Kétvölgy,87,72,72,34,30
Kéty,512,412,410,182,181
Kétújfalu,510,382,374,159,179
Kóka,3633,2723,2707,1112,1293
Kóny,2154,1800,1794,748,895
Kópháza,1616,1416,1413,560,709
Kórós,147,90,88,50,26
Kóspallag,576,483,482,185,216
Kótaj,3534,2599,2583,1178,1235
Köblény,149,109,109,52,44
Köcsk,223,184,183,103,61
Kökény,524,427,427,102,278
Kölcse,987,729,725,395,287
Kölesd,1034,750,747,399,300
Kölked,796,508,501,289,167
Kömlő,1318,840,781,351,191
Kömlőd,837,666,665,259,358
Kömpöc,537,423,421,220,157
Kömörő,410,295,289,151,119
Körmend,10440,8998,8961,3860,4459
Környe,3775,2996,2983,1018,1662
Köröm,851,480,468,330,108
Körösladány,3172,2397,2380,1073,1107
Körösnagyharsány,410,270,266,149,92
Körösszakál,544,357,353,179,130
Körösszegapáti,748,518,510,253,188
Köröstarcsa,1841,1357,1353,593,628
Körösújfalu,313,190,184,108,60
Kötcse,387,299,298,138,129
Kötegyán,1049,751,734,419,253
Kövegy,262,203,202,106,75
Köveskál,261,218,217,113,82
Kübekháza,1144,855,844,274,473
Külsősárd,54,48,48,27,19
Külsővat,548,418,410,208,174
Küngös,413,333,332,143,144
Kőkút,389,213,210,146,37
Kőröshegy,1134,885,881,367,445
Kőröstetétlen,640,529,512,252,231
Kőszeg,8716,7187,7159,2911,3658
Kőszegdoroszló,230,202,202,86,86
Kőszegpaty,158,129,128,82,34
Kőszegszerdahely,448,380,379,164,184
Kőszárhegy,1300,1067,1059,344,593
Kőtelek,1150,828,822,483,284
Kővágószőlős,1113,835,812,254,434
Kővágótöttös,262,197,195,89,90
Kővágóörs,510,407,406,166,208
Lad,436,281,281,146,122
Ladánybene,1352,1001,992,469,427
Lajoskomárom,1633,1267,1260,530,591
Lajosmizse,8835,6594,6545,2957,2927
Lak,424,335,320,247,60
Lakhegy,362,306,305,158,123
Lakitelek,3844,3019,3003,1290,1447
Lakócsa,394,231,227,129,73
Lapáncsa,137,106,106,56,40
Laskod,684,500,487,206,266
Lasztonya,44,34,34,12,19
Legyesbénye,1079,816,806,277,473
Legénd,365,278,275,138,108
Lendvadedes,32,26,26,12,9
Lendvajakabfa,38,26,26,8,14
Lengyel,352,273,270,101,123
Lengyeltóti,2228,1640,1628,742,741
Lenti,5645,4767,4739,1982,2453
Lepsény,2414,1817,1808,808,795
Lesencefalu,240,188,188,71,101
Lesenceistvánd,747,574,573,250,257
Lesencetomaj,722,526,525,246,234
Letenye,3045,2289,2260,945,1095
Letkés,846,703,678,316,276
Levelek,2185,1570,1554,637,797
Levél,1836,1488,1475,509,813
Leányfalu,3092,2661,2649,915,1509
Leányvár,1417,1141,1133,406,588
Libickozma,23,18,18,9,7
Lickóvadamos,150,122,122,55,60
Liget,274,219,208,67,109
Ligetfalva,47,38,38,18,15
Lippó,374,295,283,86,118
Liptód,128,87,86,31,18
Lipót,650,534,531,247,259
Lispeszentadorján,199,148,148,71,63
Liszó,301,236,236,76,135
Litka,29,26,26,9,15
Litke,549,409,402,275,100
Litér,1739,1435,1432,473,858
Lothárd,211,165,165,67,87
Lovas,436,378,378,152,190
Lovasberény,2201,1797,1791,788,863
Lovászhetény,226,154,153,71,69
Lovászi,881,669,662,214,365
Lovászpatona,910,669,664,396,216
Lucfalva,448,346,333,181,96
Ludas,570,432,431,192,207
Ludányhalászi,970,620,614,340,215
Lukácsháza,855,755,752,341,340
Lulla,150,126,124,59,59
Lábatlan,3818,2941,2925,1044,1617
Lábod,1376,1003,995,524,395
Lácacséke,193,100,96,53,35
Ládbesenyő,199,163,163,87,63
Lánycsók,1896,1432,1416,598,560
Lápafő,99,71,71,43,26
Látrány,1059,820,814,394,356
Lázi,415,311,308,135,151
Lébény,2486,2045,2032,907,950
Léh,310,198,194,119,53
Lénárddaróc,196,153,153,78,64
Létavértes,5473,3613,3554,1698,1527
Lócs,84,71,71,37,25
Lókút,370,308,304,86,160
Lónya,591,347,341,235,83
Lórév,239,188,185,78,97
Lövő,1145,964,961,431,466
Lövőpetri,374,277,275,160,89
Lúzsok,155,112,108,66,33
Lőkösháza,1241,918,907,385,417
Lőrinci,4295,3262,3249,1259,1622
Madaras,2155,1406,1393,581,706
Madocsa,1438,1189,1184,627,446
Maglóca,81,59,59,31,23
Maglód,9619,8043,7999,2606,4680
Magosliget,228,162,161,140,16
Magy,648,451,449,249,168
Magyaralmás,1270,1098,1089,463,510
Magyaratád,625,504,485,202,256
Magyarbánhegyes,1466,1012,1000,479,441
Magyarbóly,719,523,520,261,203
Magyarcsanád,985,698,692,375,247
Magyardombegyház,160,101,100,54,35
Magyaregregy,546,429,422,148,208
Magyaregres,471,365,363,153,182
Magyarföld,38,35,34,7,22
Magyargencs,385,278,275,137,118
Magyargéc,583,446,438,251,141
Magyarhertelend,477,379,373,112,223
Magyarhomorog,639,461,457,244,189
Magyarkeresztúr,345,287,285,151,122
Magyarkeszi,770,508,499,259,202
Magyarlak,611,522,521,283,200
Magyarlukafa,68,44,41,24,16
Magyarmecske,243,182,176,101,55
Magyarnádalja,207,180,178,99,74
Magyarnándor,869,686,677,265,336
Magyarpolány,1036,866,852,266,432
Magyarsarlós,241,201,200,74,98
Magyarszecsőd,331,284,284,177,81
Magyarszentmiklós,200,163,162,53,91
Magyarszerdahely,349,277,276,138,116
Magyarszombatfa,187,158,157,85,54
Magyarszék,785,660,658,285,294
Magyartelek,138,113,102,49,26
Majosháza,1372,1142,1134,443,599
Majs,717,525,518,216,252
Makkoshotyka,616,401,393,247,116
Maklár,1941,1589,1588,571,895
Makád,989,746,743,345,316
Makó,17440,13810,13605,4497,7793
Malomsok,405,331,326,207,102
Marcalgergelyi,289,225,225,116,93
Marcali,11649,9574,9524,3271,5552
Marcaltő,609,501,499,224,235
Markaz,1428,1203,1197,436,651
Markotabödöge,413,341,340,191,115
Markóc,40,32,31,17,10
Maroslele,1651,1300,1296,542,633
Martfű,4668,3816,3800,1054,2425
Martonfa,193,167,165,59,84
Martonvásár,4340,3648,3637,1266,2054
Martonyi,244,152,149,98,42
Maráza,130,87,85,36,22
Maróc,47,32,32,13,12
Marócsa,64,43,42,30,8
Matty,243,179,175,94,65
Mecseknádasd,1205,955,936,304,394
Mecsekpölöske,321,258,256,115,126
Mecsér,515,416,412,197,192
Medgyesbodzás,689,491,454,176,228
Medgyesegyháza,2613,1904,1885,679,1001
Medina,574,435,434,208,189
Meggyeskovácsi,549,399,397,186,178
Megyaszó,1876,1247,1199,606,450
Megyehíd,258,227,227,86,120
Megyer,24,18,18,12,6
Mekényes,204,158,152,56,82
Mencshely,226,177,173,61,100
Mende,3448,2789,2776,935,1570
Merenye,167,138,135,84,43
Mernye,1034,811,806,323,430
Mersevát,458,394,391,206,151
Mesterháza,124,106,104,48,39
Mesteri,165,133,133,77,44
Mesterszállás,534,438,436,193,210
Meszes,120,91,90,27,48
Meszlen,170,135,135,66,57
Mesztegnyő,931,700,697,349,300
Mezőberény,7462,5463,5394,1934,2859
Mezőcsokonya,900,675,670,306,309
Mezőcsát,4448,3184,3140,1332,1558
Meződ,98,71,71,20,45
Mezőfalva,3579,2632,2623,963,1373
Mezőgyán,701,519,516,261,229
Mezőhegyes,3608,2613,2593,843,1590
Mezőhék,245,187,184,103,64
Mezőkeresztes,2729,1939,1925,650,1051
Mezőkomárom,708,519,512,262,196
Mezőkovácsháza,4214,3149,3126,1187,1690
Mezőkövesd,14947,12295,12204,3783,7392
Mezőladány,750,502,500,288,182
Mezőlak,736,580,574,254,268
Mezőnagymihály,742,583,578,245,285
Mezőnyárád,1297,1046,1043,308,639
Mezőpeterd,528,356,353,215,120
Mezősas,479,313,306,125,129
Mezőszemere,814,553,542,283,184
Mezőszentgyörgy,969,678,674,309,306
Mezőszilas,1597,1088,1077,598,392
Mezőtárkány,1154,745,718,351,256
Mezőtúr,12265,9515,9451,3326,5417
Mezőzombor,1684,1149,1141,555,516
Mezőörs,1005,785,783,389,318
Miháld,538,415,412,205,166
Mihályfa,284,237,235,127,87
Mihálygerge,423,315,313,137,158
Mihályháza,580,436,431,205,193
Mihályi,876,747,743,454,225
Mike,439,289,281,126,117
Mikebuda,542,377,375,179,151
Mikekarácsonyfa,209,146,120,77,12
Mikepércs,3957,3140,3114,1204,1609
Miklósi,138,108,108,48,47
Mikosszéplak,240,159,157,102,47
Mikófalva,520,385,385,179,178
Mikóháza,399,338,336,106,185
Milejszeg,251,211,208,112,80
Milota,674,520,517,319,156
Mindszent,5119,3851,3834,1535,1863
Mindszentgodisa,576,392,384,167,142
Mindszentkálla,200,167,166,74,77
Misefa,207,170,168,47,105
Miske,1201,863,855,408,373
Miskolc,100924,78628,78179,23671,48293
Miszla,207,168,167,115,29
Mocsa,1651,1354,1341,613,609
Mogyoród,6315,5356,5340,1917,3006
Mogyorósbánya,691,581,578,175,355
Mogyoróska,61,49,49,21,25
Moha,460,392,389,152,194
Mohora,688,486,469,200,183
Mohács,16267,12848,12710,4757,6604
Molnaszecsőd,332,270,268,148,98
Molnári,525,403,398,176,184
Molvány,139,89,88,42,39
Monaj,197,130,130,61,64
Monok,1128,865,852,389,375
Monor,17095,13911,13815,4969,7642
Monorierdő,4142,3258,3227,1215,1692
Monostorapáti,854,691,686,333,291
Monostorpályi,1727,1264,1242,547,592
Monoszló,88,77,76,28,42
Monyoród,144,111,110,42,51
Mosdós,658,469,461,213,187
Mosonmagyaróvár,26572,21695,21590,7432,12506
Mosonszentmiklós,2062,1665,1656,725,762
Mosonszolnok,1414,1186,1182,526,566
Mosonudvar,316,252,252,113,120
Mozsgó,637,447,442,209,198
Mucsfa,270,204,202,119,68
Mucsi,325,200,195,127,48
Muhi,381,326,325,107,182
Murakeresztúr,1316,995,971,370,503
Murarátka,182,139,137,54,55
Muraszemenye,355,284,280,133,124
Murga,44,38,36,21,10
Murony,905,734,726,271,414
Mád,1544,1267,1260,459,702
Mágocs,1751,1273,1253,528,612
Mályi,3424,2749,2743,813,1720
Mályinka,371,303,296,123,137
Mánd,224,150,148,57,79
Mándok,2916,1981,1961,951,917
Mánfa,643,512,511,165,298
Mány,1896,1512,1501,632,602
Márfa,136,109,109,45,58
Máriahalom,524,420,418,154,225
Máriakálnok,1664,1412,1402,596,724
Máriakéménd,413,283,281,118,106
Márianosztra,602,511,488,209,224
Máriapócs,1482,1096,1075,532,439
Márkháza,194,165,165,110,41
Márkó,1358,1196,1189,360,676
Márok,328,267,265,127,90
Márokföld,45,42,42,9,27
Márokpapi,449,302,295,208,73
Mártély,1016,864,863,325,453
Mátraballa,560,460,456,179,230
Mátraderecske,1349,998,988,381,520
Mátramindszent,570,439,437,195,195
Mátranovák,1245,907,905,381,441
Mátraszele,707,530,521,228,257
Mátraszentimre,322,259,259,72,153
Mátraszőlős,1148,887,882,361,452
Mátraterenye,1301,942,936,438,403
Mátraverebély,1316,887,880,459,334
Mátyus,224,128,123,81,36
Mátyásdomb,577,418,417,199,179
Mátészalka,14678,12022,11927,4207,6949
Mátételke,394,247,242,132,86
Máza,888,681,658,192,346
Méhkerék,1596,1270,1259,587,599
Méhtelek,498,355,351,191,129
Mélykút,3711,2585,2550,992,1303
Méra,1033,753,747,341,349
Mérges,84,74,73,38,26
Mérk,1605,1087,1074,681,320
Mónosbél,285,235,234,72,134
Mór,10341,8738,8685,3338,4452
Mórahalom,5195,4174,4141,1540,2018
Móricgát,323,264,262,118,111
Mórichida,656,551,544,293,209
Mórágy,550,418,415,185,175
Múcsony,2127,1520,1514,526,837
Mőcsény,259,214,214,102,94
Nadap,587,518,514,165,304
Nagyacsád,508,412,407,135,225
Nagyalásony,398,279,278,160,93
Nagyar,481,330,325,182,109
Nagyatád,7657,6013,5982,1979,3551
Nagybajcs,913,794,789,311,394
Nagybajom,2352,1648,1634,826,689
Nagybakónak,309,242,239,119,97
Nagybaracska,1676,1174,1161,572,488
Nagybarca,648,491,490,134,320
Nagyberki,1063,803,800,327,397
Nagyberény,1068,779,778,343,366
Nagybudmér,131,102,102,60,29
Nagybánhegyes,912,670,665,277,327
Nagybárkány,472,390,385,266,80
Nagybörzsöny,481,368,345,162,114
Nagycenk,2143,1873,1870,693,1029
Nagycsepely,272,220,219,120,82
Nagycserkesz,1198,795,789,410,322
Nagycsány,103,78,78,21,54
Nagycsécs,578,402,391,198,159
Nagydobos,1571,1007,994,531,364
Nagydobsza,441,297,295,134,143
Nagydorog,1948,1400,1390,717,542
Nagydém,250,181,179,116,45
Nagyecsed,4508,2899,2846,1560,1038
Nagyesztergár,918,746,732,290,350
Nagyfüged,1263,819,792,447,244
Nagygeresd,196,170,169,89,73
Nagygyimót,430,342,338,189,116
Nagygörbő,130,105,105,60,30
Nagyhajmás,205,146,138,53,60
Nagyhalász,4181,2821,2786,1268,1311
Nagyharsány,1117,775,763,342,369
Nagyhegyes,2243,1860,1853,796,889
Nagyhuta,32,27,27,7,16
Nagyhódos,105,72,71,43,19
Nagyigmánd,2205,1790,1770,881,743
Nagyiván,780,575,574,308,226
Nagykamarás,897,634,625,255,301
Nagykanizsa,37117,30255,30130,9647,18214
Nagykapornak,686,513,511,92,377
Nagykarácsony,1050,792,788,348,366
Nagykereki,1005,597,594,385,178
Nagykeresztúr,197,159,159,81,66
Nagykinizs,199,147,146,70,64
Nagykorpád,362,272,265,135,110
Nagykovácsi,6098,5385,5368,1533,3369
Nagykozár,1539,1316,1288,392,778
Nagykutas,341,294,288,144,127
Nagykálló,7133,5473,5421,2055,2986
Nagykáta,9569,7381,7337,3205,3548
Nagykónyi,776,551,550,285,206
Nagykökényes,448,383,383,150,181
Nagykölked,128,102,101,52,41
Nagykörű,1208,871,850,406,372
Nagykőrös,17909,13693,13603,5426,7062
Nagylak,318,234,234,115,89
Nagylengyel,395,338,338,128,181
Nagylóc,1077,743,736,376,250
Nagylók,791,596,595,271,284
Nagylózs,742,599,593,255,288
Nagymaros,3851,3261,3243,1380,1551
Nagymizdó,97,91,91,54,16
Nagymágocs,2103,1571,1555,558,825
Nagymányok,1737,1388,1381,580,664
Nagynyárád,509,419,417,202,160
Nagyoroszi,1494,1126,1115,449,542
Nagypall,285,232,226,107,92
Nagypeterd,501,406,400,143,212
Nagypirit,190,152,152,76,62
Nagypáli,434,372,370,144,204
Nagyrada,348,273,271,141,109
Nagyrozvágy,487,312,308,164,125
Nagyrábé,1591,1093,1081,551,438
Nagyrákos,190,160,159,73,71
Nagyrécse,871,728,727,250,433
Nagyréde,2582,2125,2121,777,1126
Nagyrév,503,361,360,135,196
Nagysimonyi,735,630,627,298,249
Nagyszakácsi,257,166,164,76,77
Nagyszekeres,396,254,251,134,104
Nagyszentjános,1633,1360,1347,579,688
Nagyszokoly,619,444,436,233,164
Nagyszékely,273,211,206,109,77
Nagyszénás,3575,2703,2681,1012,1457
Nagysáp,1210,852,848,410,369
Nagytarcsa,4724,4172,4164,1306,2496
Nagytevel,412,349,339,138,158
Nagytilaj,105,62,61,34,22
Nagytálya,683,592,591,226,296
Nagytótfalu,260,206,206,108,90
Nagytőke,305,234,234,111,77
Nagyvarsány,1086,839,838,383,403
Nagyvejke,110,93,93,56,23
Nagyveleg,520,435,434,222,165
Nagyvenyim,3276,2764,2757,868,1697
Nagyvisnyó,713,560,548,266,235
Nagyváty,219,177,175,108,48
Nagyvázsony,1378,1115,1111,412,610
Nagyér,355,224,224,89,103
Nagyút,516,369,357,152,171
Nak,393,287,286,162,107
Napkor,2939,2238,2212,947,1072
Narda,366,312,312,190,98
Naszály,1885,1506,1500,551,808
Nekézseny,495,311,309,143,147
Nemesapáti,373,308,307,157,118
Nemesbikk,690,548,528,225,251
Nemesborzova,88,66,62,32,23
Nemesbük,542,453,450,217,186
Nemesbőd,504,440,440,152,261
Nemescsó,253,232,226,113,98
Nemesdéd,496,354,340,237,56
Nemesgulács,759,624,620,287,269
Nemesgörzsöny,522,416,415,191,190
Nemeshany,280,221,220,117,96
Nemeshetés,204,164,162,80,58
Nemeske,181,137,136,59,65
Nemeskeresztúr,231,199,197,113,70
Nemeskisfalud,76,43,42,27,13
Nemeskocs,251,216,215,109,90
Nemeskolta,292,238,237,106,113
Nemeskér,168,150,150,74,56
Nemesládony,116,101,101,53,35
Nemesmedves,23,19,18,11,6
Nemesnádudvar,1351,1001,983,344,423
Nemesnép,91,77,75,44,30
Nemespátró,211,171,170,94,68
Nemesrempehollós,214,160,159,90,56
Nemesrádó,247,197,197,84,96
Nemesszalók,663,548,546,277,220
Nemesszentandrás,199,156,156,88,53
Nemessándorháza,220,176,176,90,67
Nemesvid,408,286,285,173,100
Nemesvita,272,223,222,95,113
Nemesvámos,2350,2012,2002,727,1095
Nemti,541,424,422,186,196
Neszmély,1052,842,836,346,393
Nick,427,362,362,224,106
Nikla,453,334,327,204,92
Noszlop,767,582,579,237,287
Noszvaj,1450,1245,1237,527,589
Nova,590,479,476,233,216
Novaj,1103,921,912,347,472
Novajidrány,903,596,591,320,228
Nyalka,387,336,336,136,156
Nyergesújfalu,5574,4454,4430,1328,2706
Nyim,244,184,184,84,81
Nyirád,1414,1100,1094,387,612
Nyomár,216,169,169,98,51
Nyugotszenterzsébet,174,119,115,33,74
Nyáregyháza,3084,2396,2382,980,1113
Nyárlőrinc,1814,1462,1455,643,672
Nyársapát,1549,1084,1071,466,512
Nyárád,680,564,563,310,217
Nyékládháza,3913,3149,3135,996,1876
Nyésta,21,16,16,3,13
Nyíracsád,2887,2190,2148,1037,960
Nyíradony,5580,3999,3854,1592,1823
Nyírbogdány,2205,1604,1590,755,735
Nyírbogát,2378,2060,2042,1021,905
Nyírbátor,11039,8662,8609,3092,4965
Nyírbéltek,2030,1562,1550,1042,420
Nyírcsaholy,1641,1164,1146,605,389
Nyírcsászári,872,670,660,343,270
Nyírderzs,423,326,324,215,99
Nyíregyháza,88044,71858,71522,21708,44751
Nyírgelse,843,630,620,289,293
Nyírgyulaj,1456,1019,1014,483,468
Nyíri,263,204,204,128,68
Nyíribrony,850,592,584,318,235
Nyírjákó,633,516,512,240,234
Nyírkarász,1669,1214,1205,647,479
Nyírkáta,1358,1000,987,678,265
Nyírkércs,596,485,480,251,205
Nyírlugos,2030,1553,1539,728,720
Nyírlövő,522,378,374,193,162
Nyírmada,3500,2141,2068,1052,864
Nyírmeggyes,2019,1573,1567,622,836
Nyírmihálydi,1422,881,869,589,238
Nyírmártonfalva,1507,1177,1171,536,560
Nyírparasznya,659,482,476,308,149
Nyírpazony,3073,2510,2505,805,1509
Nyírpilis,599,410,408,319,85
Nyírtass,1443,1023,1009,494,450
Nyírtelek,5352,3958,3934,1522,2085
Nyírtura,1555,1198,1190,363,703
Nyírtét,803,608,605,281,294
Nyírvasvári,1491,1075,1070,630,389
Nyírábrány,2922,1979,1949,1002,779
Nyúl,3635,3122,3114,1160,1713
Nyőgér,271,240,238,117,107
Nábrád,683,544,540,258,256
Nádasd,1073,903,899,506,313
Nádasdladány,1387,1055,1052,410,536
Nádudvar,6508,4762,4724,2174,2188
Nágocs,440,324,321,150,144
Nárai,1109,964,961,399,506
Négyes,223,186,185,69,97
Németbánya,93,84,81,33,35
Németfalu,163,141,138,87,33
Németkér,1283,998,981,448,366
Nézsa,948,772,766,366,313
Nógrád,1254,1064,1063,434,534
Nógrádkövesd,466,386,382,178,175
Nógrádmarcal,337,260,253,125,96
Nógrádmegyer,1222,811,782,451,239
Nógrádsipek,542,439,436,211,164
Nógrádszakál,413,279,277,195,65
Nógrádsáp,713,590,587,304,223
Nóráp,152,134,133,74,53
Nőtincs,956,799,790,362,362
Okorvölgy,57,41,40,17,19
Okorág,115,70,69,41,24
Okány,1658,1173,1159,560,507
Olasz,473,390,387,153,183
Olaszfa,305,219,218,150,52
Olaszfalu,812,689,688,330,288
Olaszliszka,1108,721,706,319,301
Olcsva,509,393,390,214,159
Olcsvaapáti,220,162,155,99,50
Old,217,132,117,50,21
Oltárc,162,107,106,65,38
Onga,3520,2672,2627,951,1421
Orbányosfa,82,66,66,40,20
Orci,435,347,346,122,199
Ordacsehi,594,484,482,268,184
Ordas,326,263,263,117,119
Orfalu,59,53,52,13,24
Orfű,914,752,750,227,456
Orgovány,2539,1889,1883,925,817
Ormosbánya,1116,647,638,280,309
Ormándlak,89,78,78,37,32
Orosháza,24008,19018,18931,5644,11885
Oroszi,106,76,76,29,39
Oroszlány,13357,10038,9964,3605,5544
Oroszló,233,177,173,57,98
Orosztony,285,197,196,105,79
Ortaháza,88,61,60,34,22
Osli,696,591,589,311,212
Ostffyasszonyfa,598,485,483,228,218
Ostoros,2271,1970,1952,534,1264
Oszkó,483,370,369,180,166
Oszlár,251,212,211,79,103
Osztopán,534,375,368,201,149
Ozmánbük,137,112,112,76,24
Ozora,1141,770,768,464,267
Pacsa,1208,904,893,456,377
Padár,88,68,67,42,17
Pakod,645,489,486,256,181
Paks,15394,13142,13078,4698,7257
Palkonya,195,163,160,57,67
Palotabozsok,580,484,481,250,174
Palotás,1280,1055,1053,412,544
Paloznak,478,420,418,159,229
Palé,64,47,46,23,16
Pamlény,38,32,32,15,12
Pamuk,201,144,142,76,63
Pankasz,338,270,270,156,87
Pannonhalma,2694,2151,2145,883,1030
Panyola,400,319,316,149,146
Pap,1400,1062,1055,416,554
Papkeszi,1196,923,905,339,467
Papos,610,489,484,262,192
Parasznya,886,638,630,245,331
Parád,1420,1113,1104,421,576
Parádsasvár,321,267,266,89,154
Paszab,874,577,561,369,156
Pat,129,97,97,45,39
Patak,688,529,524,266,196
Patalom,231,180,173,118,46
Patapoklosi,244,168,161,96,55
Patca,43,34,34,19,13
Patosfa,186,139,139,75,52
Patvarc,580,461,425,180,209
Pecöl,610,504,503,248,213
Pellérd,1838,1486,1485,436,904
Penc,1184,1007,1005,423,470
Penyige,563,408,400,215,157
Penészlek,701,490,481,300,154
Perbál,1672,1394,1378,568,680
Pere,228,156,155,62,80
Perecse,14,10,10,7,2
Pereked,144,122,115,47,41
Perenye,515,452,450,234,179
Peresznye,343,298,297,169,99
Pereszteg,1186,1002,997,451,472
Perkupa,534,354,347,192,126
Perkáta,3068,2167,2159,856,1100
Perőcsény,301,247,243,96,103
Peterd,160,132,132,67,53
Pethőhenye,345,258,257,137,102
Petneháza,1218,930,915,505,333
Petrikeresztúr,276,232,232,112,98
Petrivente,263,210,209,92,93
Pettend,106,70,68,48,16
Petőfibánya,1942,1493,1482,472,849
Petőfiszállás,1120,851,845,358,375
Petőháza,860,753,747,321,353
Petőmihályfa,162,138,138,79,47
Piliny,438,325,322,166,118
Pilis,9339,6747,6702,2628,3159
Pilisborosjenő,3268,2837,2820,784,1764
Piliscsaba,6269,5309,5271,1771,2908
Piliscsév,2029,1632,1626,577,909
Pilisjászfalu,1610,1386,1381,378,867
Pilismarót,1639,1285,1271,604,564
Pilisszentiván,3373,2909,2892,1068,1468
Pilisszentkereszt,1723,1505,1485,571,756
Pilisszentlászló,959,820,816,251,472
Pilisszántó,2177,1826,1819,680,954
Pilisvörösvár,14784,12730,12641,4082,7182
Pincehely,1677,1313,1306,729,479
Pinkamindszent,138,112,111,63,39
Pinnye,279,246,244,111,91
Piricse,1299,1017,1005,711,254
Pirtó,716,570,558,243,256
Piskó,166,131,127,111,16
Pitvaros,996,767,761,303,386
Pocsaj,1892,1307,1279,771,412
Pogány,1012,846,843,258,488
Pogányszentpéter,370,279,276,136,124
Polgár,6064,4122,4070,1562,2048
Polgárdi,5123,3921,3899,1730,1831
Polány,167,117,115,73,35
Pomáz,14017,11864,11806,3921,6841
Porcsalma,1916,1207,1193,665,407
Pornóapáti,274,247,247,114,112
Poroszló,2029,1488,1469,739,612
Porpác,126,101,100,49,43
Porrog,148,122,122,85,35
Porrogszentkirály,206,152,150,90,51
Porrogszentpál,61,47,47,32,14
Porva,374,302,297,129,137
Potony,140,97,95,49,28
Potyond,81,73,72,46,24
Prügy,1756,1211,1192,790,364
Pula,139,120,120,51,39
Pusztaapáti,16,15,15,8,7
Pusztaberki,144,123,122,50,59
Pusztacsalád,225,200,197,118,66
Pusztacsó,120,110,110,72,32
Pusztadobos,1036,742,734,491,212
Pusztaederics,133,114,113,67,31
Pusztafalu,159,126,125,67,53
Pusztaföldvár,1186,845,843,344,415
Pusztahencse,733,532,528,283,185
Pusztakovácsi,550,396,395,256,115
Pusztamagyaród,417,323,317,163,131
Pusztamiske,295,198,192,103,76
Pusztamonostor,1227,963,958,479,401
Pusztamérges,805,587,580,274,237
Pusztaottlaka,254,188,186,88,74
Pusztaradvány,158,143,142,98,30
Pusztaszabolcs,4665,3643,3621,1493,1815
Pusztaszemes,309,256,251,116,118
Pusztaszentlászló,442,375,368,150,185
Pusztaszer,1108,840,838,360,413
Pusztavacs,1008,761,759,340,343
Pusztavám,1918,1599,1589,572,733
Pusztazámor,947,803,800,265,462
Putnok,4543,3004,2961,1149,1587
Pácin,1075,685,678,374,260
Pácsony,225,180,179,77,87
Páhi,913,703,697,394,256
Páka,823,637,636,318,273
Pákozd,2959,2560,2552,958,1393
Pálfa,1053,756,739,422,273
Pálfiszeg,134,107,104,54,33
Pálháza,770,647,644,224,370
Páli,305,222,221,111,88
Pálmajor,215,135,135,117,15
Pálmonostora,1315,944,934,443,415
Pálosvörösmart,496,435,433,122,263
Pánd,1433,956,947,398,425
Pányok,37,29,29,12,14
Pápa,23996,19498,19419,7465,10412
Pápadereske,225,190,188,84,92
Pápakovácsi,449,343,338,177,130
Pápasalamon,268,155,154,111,31
Pápateszér,927,679,673,337,281
Pápoc,220,184,184,128,40
Páprád,114,97,97,56,33
Pári,456,328,322,169,124
Pásztori,222,192,191,97,78
Pásztó,6848,5671,5636,2258,2887
Pátka,1468,1240,1215,550,579
Pátroha,2148,1540,1528,864,592
Páty,6337,5303,5248,1829,2988
Pátyod,506,357,355,194,141
Pázmánd,1815,1546,1535,548,856
Pázmándfalu,943,752,746,300,392
Pécel,15331,13206,13115,4081,8024
Pécs,101740,80939,80463,23580,49890
Pécsbagota,78,56,56,27,26
Pécsdevecser,72,50,49,10,25
Pécsely,483,403,400,144,198
Pécsudvard,632,552,549,146,345
Pécsvárad,3097,2461,2444,982,1173
Pély,984,584,581,283,247
Pénzesgyőr,272,225,224,118,88
Pér,1967,1655,1645,606,897
Péterhida,112,94,93,36,43
Péteri,2108,1704,1696,578,927
Pétervására,1643,1252,1248,582,568
Pétfürdő,3487,2768,2755,888,1612
Pócsa,137,99,97,22,31
Pócsmegyer,2319,1938,1930,726,1015
Pócspetri,1204,835,830,395,354
Pókaszepetk,741,591,589,282,260
Pórszombat,214,185,184,120,51
Pósfa,214,193,193,104,77
Pölöske,602,483,481,269,175
Pölöskefő,274,210,207,92,99
Pörböly,427,326,325,113,184
Pördefölde,43,40,40,25,13
Pötréte,203,169,168,83,68
Püski,527,453,450,212,197
Püspökhatvan,1066,896,892,459,353
Püspökladány,10503,8084,8039,3248,4183
Püspökmolnári,675,556,551,285,212
Püspökszilágy,580,482,481,212,223
Radostyán,461,364,359,165,165
Ragály,463,325,324,158,149
Rajka,1286,1070,1063,505,438
Rakaca,538,330,328,274,50
Rakacaszend,194,141,139,108,16
Rakamaz,3494,2486,2463,948,1268
Ramocsa,23,19,19,7,9
Ramocsaháza,1059,747,739,394,300
Raposka,202,179,177,83,76
Ravazd,961,797,795,339,377
Recsk,2068,1505,1487,572,784
Regenye,122,78,73,28,30
Regéc,54,45,45,24,16
Regöly,770,549,545,298,186
Remeteszőlős,789,692,690,214,411
Resznek,204,148,147,72,67
Rezi,1027,785,781,416,300
Ricse,1110,612,601,284,240
Rigyác,317,244,243,123,103
Rigács,153,100,98,47,44
Rimóc,1150,851,847,517,241
Rinyabesenyő,139,98,94,58,31
Rinyakovácsi,120,94,93,76,17
Rinyaszentkirály,264,174,172,79,82
Rinyaújlak,212,137,136,81,45
Rinyaújnép,27,22,22,16,4
Rohod,907,676,665,408,202
Romhány,1697,1264,1253,534,570
Romonya,433,369,364,115,197
Románd,257,224,219,100,91
Rozsály,502,337,333,214,100
Rudabánya,1791,1140,1130,608,451
Rudolftelep,519,329,325,120,171
Rum,949,745,742,304,369
Ruzsa,1890,1421,1405,632,569
Rábacsanak,432,356,355,168,161
Rábacsécsény,467,393,391,213,142
Rábagyarmat,582,506,503,313,172
Rábahídvég,722,585,581,302,230
Rábakecöl,570,483,481,233,206
Rábapatona,2322,1952,1943,840,973
Rábapaty,1374,1120,1115,457,555
Rábapordány,792,659,657,294,330
Rábasebes,71,63,63,29,26
Rábaszentandrás,377,315,311,182,101
Rábaszentmihály,395,347,347,188,135
Rábaszentmiklós,112,94,94,58,28
Rábatamási,785,651,648,361,224
Rábatöttös,173,147,145,85,52
Rábcakapi,133,111,111,67,32
Rácalmás,3894,3233,3219,954,2012
Ráckeresztúr,2857,2276,2263,877,1213
Ráckeve,10991,9105,9059,3035,5287
Rád,1566,1331,1326,580,624
Rádfalva,153,107,106,54,43
Rádóckölked,241,202,202,94,83
Ráksi,347,267,267,133,111
Rákóczibánya,470,359,357,127,207
Rákóczifalva,4194,3344,3330,1061,1907
Rákócziújfalu,1468,1093,1093,384,586
Rápolt,105,70,69,42,22
Rásonysápberencs,377,237,230,104,99
Rátka,762,634,624,115,311
Rátót,181,152,151,82,59
Réde,996,830,828,403,359
Rédics,731,571,558,244,279
Rém,929,606,604,260,296
Répcelak,2008,1727,1717,908,682
Répceszemere,213,171,171,103,59
Répceszentgyörgy,102,87,87,47,36
Répcevis,268,238,238,132,80
Répáshuta,351,293,291,101,138
Rétalap,402,319,318,179,120
Rétközberencs,784,499,490,304,164
Rétság,2042,1705,1697,668,808
Révfülöp,908,753,750,335,362
Révleányvár,318,210,205,135,59
Rózsafa,253,185,184,72,100
Rózsaszentmárton,1538,1232,1217,471,598
Röjtökmuzsaj,347,298,297,157,97
Rönök,306,252,251,155,74
Röszke,2831,2160,2149,871,1026
Sajtoskál,235,190,189,99,76
Sajóbábony,1951,1372,1356,555,676
Sajóecseg,816,695,694,252,368
Sajógalgóc,243,176,176,59,95
Sajóhídvég,705,404,402,227,137
Sajóivánka,501,412,411,100,257
Sajókaza,2132,1316,1297,631,543
Sajókeresztúr,1199,959,955,302,578
Sajókápolna,303,233,231,85,135
Sajólád,2225,1508,1499,618,748
Sajólászlófalva,337,255,253,91,138
Sajómercse,157,114,113,51,56
Sajónémeti,315,212,210,131,62
Sajópetri,1114,708,702,289,353
Sajópálfala,579,477,466,193,230
Sajópüspöki,376,265,263,104,144
Sajósenye,280,240,238,87,132
Sajószentpéter,8889,5800,5770,1851,3459
Sajószöged,1816,1499,1491,425,928
Sajóvelezd,557,397,391,134,209
Sajóvámos,1594,1329,1308,497,705
Sajóörös,1173,1007,1001,281,650
Salföld,70,61,60,29,26
Salgótarján,27705,20974,20805,7338,11654
Salköveskút,368,306,304,146,128
Salomvár,466,392,390,190,170
Sand,303,237,233,114,94
Sarkad,7257,5021,4968,2348,2238
Sarkadkeresztúr,1130,866,859,381,400
Sarród,732,647,642,315,263
Sarud,787,509,496,219,220
Segesd,1739,1033,1014,455,450
Sellye,2016,1522,1512,595,788
Selyeb,337,197,194,138,45
Semjén,373,185,183,109,60
Semjénháza,442,359,359,122,210
Seregélyes,3493,2698,2679,1196,1251
Serényfalva,712,519,514,181,288
Siklós,7166,5423,5388,1950,3048
Siklósbodony,110,82,80,48,32
Siklósnagyfalu,286,166,163,109,43
Sikátor,252,195,193,91,84
Sima,24,22,22,4,16
Simaság,408,337,336,181,134
Simonfa,298,256,255,87,139
Simontornya,2912,2139,2131,866,1138
Sirok,1347,1073,1069,454,545
Sitke,564,481,480,227,206
Sióagárd,981,860,851,392,348
Siófok,22475,18634,18567,6659,10423
Siójut,505,393,393,165,182
Sobor,221,185,183,102,72
Sokorópátka,873,716,712,340,277
Solt,4844,3692,3648,1510,1821
Soltszentimre,1030,759,749,394,282
Soltvadkert,5495,4325,4289,1982,1912
Solymár,8656,7469,7413,2570,4040
Som,541,418,417,177,194
Somberek,1081,860,846,373,311
Somlójenő,222,161,157,78,68
Somlószőlős,521,412,402,200,166
Somlóvecse,77,60,60,30,25
Somlóvásárhely,800,568,563,314,218
Somodor,296,233,230,126,87
Somogyacsa,94,59,59,27,31
Somogyapáti,337,224,219,97,98
Somogyaracs,119,85,84,63,19
Somogyaszaló,578,463,463,180,252
Somogybabod,380,321,321,115,175
Somogybükkösd,79,61,61,29,22
Somogycsicsó,108,87,85,36,39
Somogydöröcske,96,74,73,31,32
Somogyegres,122,82,81,36,39
Somogyfajsz,366,263,260,166,75
Somogygeszti,289,208,204,107,92
Somogyhatvan,226,169,165,72,78
Somogyhárságy,277,219,216,103,82
Somogyjád,1191,876,871,381,416
Somogymeggyes,345,225,224,114,96
Somogysimonyi,41,28,27,21,4
Somogyszentpál,463,308,296,177,107
Somogyszil,493,381,379,180,148
Somogyszob,1122,897,889,369,443
Somogysámson,483,313,310,230,65
Somogysárd,959,661,646,317,280
Somogytúr,356,291,291,142,120
Somogyudvarhely,780,611,609,288,300
Somogyviszló,159,120,120,65,43
Somogyvámos,526,364,362,170,142
Somogyvár,1229,916,907,491,344
Somogyzsitfa,386,281,274,150,99
Somoskőújfalu,1699,1275,1272,516,621
Sonkád,576,394,388,206,157
Soponya,1421,1101,1095,556,432
Sopron,45528,38464,38237,13868,21050
Sopronhorpács,673,600,593,323,213
Sopronkövesd,1123,984,981,420,455
Sopronnémeti,213,177,176,71,90
Sorkifalud,501,394,393,162,201
Sorkikápolna,198,164,163,80,67
Sormás,650,545,545,242,258
Sorokpolány,628,511,508,235,228
Sukoró,1587,1421,1417,501,819
Sumony,285,210,205,144,50
Surd,466,367,365,162,181
Szabadbattyán,3816,3024,3010,1287,1447
Szabadegyháza,1620,1237,1229,481,664
Szabadhídvég,591,408,405,221,148
Szabadi,209,148,148,65,76
Szabadkígyós,1907,1499,1494,569,795
Szabadszentkirály,634,478,465,195,228
Szabadszállás,4649,3259,3246,1516,1453
Szabolcs,272,213,210,85,107
Szabolcsbáka,861,633,627,278,307
Szabolcsveresmart,1066,764,758,357,333
Szabás,397,287,286,165,91
Szada,4862,4220,4193,1360,2455
Szajk,633,512,508,204,201
Szajla,476,357,357,228,118
Szajol,3016,2415,2410,774,1370
Szakadát,146,121,120,57,38
Szakcs,593,428,425,269,143
Szakmár,867,662,655,222,375
Szaknyér,44,41,41,13,24
Szakoly,2102,1493,1474,708,661
Szakony,326,266,266,145,101
Szakonyfalu,286,247,243,130,96
Szakácsi,125,83,80,54,25
Szakáld,346,259,259,97,140
Szakály,972,738,735,356,312
Szalafő,184,168,168,67,80
Szalapa,146,118,117,81,34
Szalaszend,691,421,418,188,205
Szalatnak,217,149,143,51,67
Szalkszentmárton,2319,1735,1725,813,755
Szalmatercs,345,258,241,135,64
Szalonna,650,407,401,167,184
Szalánta,951,748,741,276,381
Szamosangyalos,390,250,250,141,100
Szamosbecs,328,240,238,175,51
Szamoskér,301,233,229,75,120
Szamosszeg,1349,951,942,589,294
Szamossályi,549,372,370,210,144
Szamostatárfalva,248,188,183,129,48
Szamosújlak,296,227,224,143,71
Szanda,436,353,345,148,166
Szank,1763,1306,1301,642,542
Szany,1691,1358,1343,715,501
Szaporca,171,123,122,57,53
Szarvas,11427,9017,8953,3329,4822
Szarvasgede,330,280,267,140,106
Szarvaskend,178,160,159,102,46
Szarvaskő,291,253,252,95,124
Szatmárcseke,1167,803,789,466,278
Szatta,50,48,48,18,22
Szatymaz,4072,3143,3132,1060,1706
Szava,247,183,182,86,66
Szebény,253,186,184,95,69
Szederkény,1409,1107,1066,388,518
Szedres,1624,1208,1202,613,497
Szeged,117843,94952,94624,24386,62921
Szegerdő,148,116,114,79,30
Szeghalom,6351,4903,4852,1715,2735
Szegi,228,184,183,77,99
Szegilong,164,133,133,59,63
Szegvár,3309,2698,2686,1107,1293
Szekszárd,25283,20751,20626,7036,11789
Szeleste,524,443,442,215,192
Szelevény,771,561,555,255,252
Szellő,108,66,62,27,30
Szemely,403,316,313,97,188
Szemenye,257,196,196,114,68
Szemere,250,175,173,88,74
Szendehely,1304,1107,1091,338,428
Szendrő,2710,1737,1691,889,551
Szendrőlád,1339,658,609,295,196
Szenna,554,443,436,152,216
Szenta,283,203,199,100,89
Szentantalfa,366,245,241,106,106
Szentbalázs,238,208,208,92,94
Szentborbás,77,52,52,23,19
Szentbékkálla,166,146,146,62,70
Szentdomonkos,346,262,248,132,72
Szentdénes,249,174,166,90,72
Szente,226,178,177,103,57
Szentegát,243,177,174,88,81
Szentendre,24822,21715,21614,6741,13215
Szentes,22254,18290,18213,5693,10990
Szentgotthárd,6035,4996,4965,2308,2248
Szentgyörgyvár,279,218,217,107,87
Szentgyörgyvölgy,285,221,221,114,98
Szentgál,2113,1658,1639,670,793
Szentgáloskér,352,253,253,131,108
Szentimrefalva,148,108,107,53,43
Szentistván,1851,1425,1413,536,762
Szentistvánbaksa,212,180,180,92,74
Szentjakabfa,92,73,73,35,18
Szentkatalin,75,55,52,26,17
Szentkirály,1492,1259,1251,629,486
Szentkirályszabadja,1691,1412,1406,482,785
Szentkozmadombja,61,51,51,20,20
Szentliszló,219,157,152,76,71
Szentlászló,585,446,443,177,211
Szentlőrinc,4728,3691,3669,1402,1906
Szentlőrinckáta,1492,1044,1040,509,438
Szentmargitfalva,62,50,50,19,23
Szentmártonkáta,3955,2879,2859,1122,1435
Szentpéterfa,780,678,675,388,218
Szentpéterfölde,99,67,67,22,40
Szentpéterszeg,831,639,631,299,282
Szentpéterúr,636,395,386,238,122
Szenyér,223,133,132,100,23
Szepetnek,1230,947,946,363,485
Szerecseny,679,505,504,251,185
Szeremle,1051,793,792,371,348
Szerencs,6828,5435,5405,1968,2983
Szerep,945,606,590,368,165
Szergény,215,169,168,97,52
Szigetbecse,1122,905,898,384,409
Szigetcsép,2259,1813,1792,624,961
Szigethalom,14439,11377,11318,3357,7039
Szigetmonostor,2367,1982,1971,715,1077
Szigetszentmiklós,32943,27209,27120,7916,16995
Szigetszentmárton,2113,1720,1716,491,1021
Szigetvár,10151,8239,8174,2461,5135
Szigetújfalu,1848,1477,1471,449,845
Szigliget,715,588,582,245,296
Szihalom,1596,1183,1178,470,591
Szijártóháza,28,19,18,10,5
Szikszó,4142,3074,3057,1214,1588
Szil,1019,781,770,381,327
Szilaspogony,201,132,128,84,33
Szilsárkány,530,442,439,242,171
Szilvágy,149,131,131,74,52
Szilvás,114,86,85,42,39
Szilvásszentmárton,143,126,125,68,52
Szilvásvárad,1155,933,930,355,481
Szilágy,219,158,151,50,71
Szin,515,366,356,256,57
Szinpetri,151,112,107,66,32
Szirmabesenyő,3326,2816,2807,786,1777
Szirák,766,504,500,283,164
Szob,1998,1624,1620,696,790
Szokolya,1480,1231,1222,466,598
Szolnok,53928,44084,43765,12808,26945
Szombathely,60455,51099,50844,18301,28733
Szomolya,1174,898,890,390,416
Szomor,881,729,727,216,426
Szomód,1836,1555,1541,514,850
Szorgalmatos,700,525,521,180,307
Szorosad,73,58,58,25,29
Szuha,438,367,367,113,220
Szuhafő,86,72,72,38,28
Szuhakálló,768,553,548,189,309
Szuhogy,806,566,545,250,185
Szulimán,162,132,132,56,61
Szulok,445,344,334,115,143
Szurdokpüspöki,1477,1193,1188,498,535
Szágy,91,70,70,42,28
Szákszend,1184,925,924,390,465
Szálka,484,401,398,119,222
Szántód,549,448,446,184,231
Szápár,389,324,320,143,130
Szár,1349,1166,1160,393,542
Szárazd,153,118,115,69,26
Szárföld,818,656,655,337,260
Szárliget,1926,1628,1625,482,970
Szárász,32,20,20,8,10
Szászberek,762,661,660,242,350
Szászfa,76,53,50,22,24
Szászvár,1830,1364,1351,387,794
Szátok,355,218,212,129,53
Százhalombatta,13926,11587,11544,3530,7052
Szécsisziget,159,135,134,42,82
Szécsénke,165,143,142,74,56
Szécsény,4158,3310,3276,1362,1578
Szécsényfelfalu,324,236,234,126,80
Székely,738,490,478,243,204
Székelyszabar,438,321,316,106,118
Székesfehérvár,75267,63730,63437,20886,37399
Székkutas,1610,1329,1322,477,714
Szólád,420,367,367,171,166
Szögliget,455,358,356,169,162
Szörény,56,41,40,17,19
Szúcs,270,187,186,113,66
Szügy,1110,937,931,317,466
Szőc,325,272,251,152,69
Szőce,247,193,192,116,55
Sződ,2484,2091,2085,893,1013
Sződliget,3740,3250,3238,1046,1897
Szőke,88,72,72,40,27
Szőkedencs,168,131,131,77,39
Szőkéd,286,208,200,79,104
Szőlősardó,98,82,82,34,40
Szőlősgyörök,974,781,776,375,327
Szűcsi,1206,1003,997,461,466
Szűr,200,150,146,26,55
Ságvár,1590,1260,1250,531,627
Ságújfalu,690,467,464,213,200
Sály,1104,659,650,375,216
Sámod,151,114,110,76,30
Sámsonháza,188,161,159,56,71
Sándorfalva,6569,5199,5179,1534,3131
Sántos,406,337,332,120,189
Sáp,632,382,379,239,97
Sárazsadány,157,122,120,47,65
Sárbogárd,11196,9210,9175,4020,4460
Sáregres,535,431,429,241,162
Sárfimizdó,65,55,55,42,7
Sárhida,562,456,453,244,162
Sárisáp,2230,1741,1735,496,1089
Sárkeresztes,1243,1051,1049,396,550
Sárkeresztúr,1772,1028,1009,613,279
Sárkeszi,471,380,378,161,180
Sármellék,1442,1102,1094,461,530
Sárok,78,62,62,19,21
Sárosd,2501,1843,1805,830,840
Sárospatak,8427,6507,6476,2259,3718
Sárpilis,427,314,307,161,122
Sárrétudvari,2174,1569,1560,802,658
Sárszentlőrinc,773,577,576,380,160
Sárszentmihály,2447,2008,2001,747,1064
Sárszentágota,1058,872,866,482,308
Sárvár,12885,11052,11011,3863,6383
Sáránd,1774,1302,1284,521,640
Sásd,2327,1733,1715,683,867
Sáska,223,193,193,99,79
Sáta,774,540,525,237,265
Sátoraljaújhely,13697,10864,10781,3304,6587
Sátorhely,487,382,380,177,164
Sávoly,308,243,237,125,104
Sé,1042,923,920,375,479
Sénye,49,45,44,9,29
Sényő,1157,875,872,386,422
Sérsekszőlős,109,85,85,45,37
Sóly,442,387,386,137,221
Sóshartyán,621,426,411,282,81
Sóskút,2870,2339,2323,722,1353
Sóstófalva,177,143,143,68,66
Sósvertike,106,79,77,46,25
Sótony,506,404,403,189,185
Söjtör,1109,821,816,313,408
Söpte,628,563,561,215,291
Söréd,433,370,366,162,170
Súr,961,705,704,320,317
Sükösd,2797,2036,2017,874,907
Sülysáp,6736,5376,5338,1974,2894
Sümeg,4461,3535,3522,1614,1606
Sümegcsehi,458,382,381,229,124
Sümegprága,479,396,393,194,144
Süttő,1579,1300,1296,445,717
Tab,3192,2474,2466,998,1302
Tabajd,740,617,616,324,252
Tabdi,844,680,675,333,286
Tagyon,80,73,72,31,34
Tahitótfalu,4975,4160,4140,1697,2076
Taksony,5323,4473,4435,1307,2510
Taktabáj,381,256,249,142,55
Taktaharkány,2563,1841,1809,883,786
Taktakenéz,768,481,468,332,95
Taktaszada,1322,914,899,556,273
Takácsi,656,548,548,260,249
Taliándörögd,500,404,404,181,178
Tamási,5946,4645,4626,1837,2376
Tanakajd,627,541,540,232,258
Tapolca,14295,12069,12027,4028,7070
Tapsony,386,271,271,137,116
Tar,1454,1087,1078,476,510
Tarany,865,636,624,259,332
Tarcal,2033,1493,1483,649,706
Tard,862,701,698,311,318
Tardona,791,615,612,199,363
Tardos,1300,1051,1043,327,638
Tarhos,601,449,447,208,205
Tarján,2101,1773,1763,554,868
Tarjánpuszta,359,313,312,107,157
Tarnabod,443,227,223,148,71
Tarnalelesz,1130,861,844,570,223
Tarnaméra,1250,1033,1032,356,605
Tarnaszentmiklós,558,350,347,176,152
Tarnaszentmária,182,146,146,78,53
Tarnazsadány,842,502,491,247,230
Tarnaörs,1221,812,801,508,252
Tarpa,1730,1165,1147,682,393
Tarrós,70,57,56,32,20
Tass,2196,1632,1622,908,588
Taszár,1382,1098,1096,309,686
Tata,17341,14506,14441,4732,8578
Tatabánya,53063,41601,41400,13398,24886
Tataháza,881,608,604,261,290
Tatárszentgyörgy,1426,995,988,585,339
Tekenye,347,280,279,162,88
Teklafalu,209,137,135,62,52
Telekes,353,273,271,163,90
Telekgerendás,1184,957,949,372,472
Teleki,143,98,96,52,35
Telki,3178,2875,2865,839,1841
Telkibánya,424,343,341,175,147
Tengelic,1669,1198,1186,578,510
Tengeri,46,35,35,14,19
Tengőd,306,228,226,126,71
Tenk,907,716,710,284,356
Terem,500,351,348,169,146
Tereske,565,412,405,211,150
Teresztenye,30,25,25,8,16
Terpes,130,101,98,68,14
Terény,260,219,214,112,65
Teskánd,1003,870,864,307,492
Tetétlen,1007,713,708,348,298
Tevel,997,711,705,291,332
Tibolddaróc,983,737,732,276,399
Tiborszállás,761,522,516,283,205
Tihany,1009,858,854,313,466
Tikos,94,66,64,42,21
Tilaj,123,109,108,65,35
Timár,880,552,543,293,207
Tinnye,1499,1266,1263,389,764
Tiszaadony,445,311,305,202,82
Tiszaalpár,3754,2724,2704,1218,1263
Tiszabecs,934,601,594,340,231
Tiszabercel,1337,987,972,602,319
Tiszabezdéd,1397,787,778,371,367
Tiszabura,1905,1083,1069,840,198
Tiszabábolna,226,185,185,80,91
Tiszabő,1350,1040,1039,1020,17
Tiszacsege,3453,2255,2212,1176,879
Tiszacsermely,319,168,160,67,70
Tiszacsécse,183,128,125,62,52
Tiszadada,1559,1126,1113,546,389
Tiszaderzs,785,565,564,333,177
Tiszadob,1947,1272,1231,531,570
Tiszadorogma,296,233,233,108,101
Tiszaeszlár,1806,1279,1199,591,405
Tiszaföldvár,7997,5744,5703,2204,2974
Tiszafüred,8132,6205,6135,2398,3218
Tiszagyenda,736,507,503,275,204
Tiszagyulaháza,535,374,372,151,177
Tiszaigar,510,356,354,201,129
Tiszainoka,312,248,236,135,85
Tiszajenő,1166,900,897,381,416
Tiszakanyár,1121,773,765,405,313
Tiszakarád,1669,890,874,540,277
Tiszakerecseny,644,379,371,222,116
Tiszakeszi,1900,1321,1298,617,601
Tiszakécske,8839,6843,6818,3093,3210
Tiszakóród,567,399,396,218,151
Tiszakürt,1011,719,715,368,302
Tiszaladány,465,390,385,201,157
Tiszalök,3928,2864,2840,1060,1589
Tiszalúc,3638,2384,2357,1022,1107
Tiszamogyorós,478,333,330,166,134
Tiszanagyfalu,1395,1008,999,464,485
Tiszanána,1685,1156,1135,598,451
Tiszapalkonya,1106,798,794,335,402
Tiszapüspöki,1548,1017,993,473,418
Tiszaroff,1287,890,884,474,340
Tiszarád,392,208,201,121,56
Tiszasas,790,568,566,253,267
Tiszaszalka,697,514,508,260,223
Tiszaszentimre,1433,993,988,505,416
Tiszaszentmárton,881,577,571,326,211
Tiszasziget,1465,1176,1169,419,628
Tiszaszőlős,1086,827,823,443,323
Tiszasüly,1062,751,744,400,277
Tiszatardos,186,133,132,72,57
Tiszatarján,1006,724,706,319,308
Tiszatelek,992,734,726,310,379
Tiszatenyő,1246,872,866,311,495
Tiszaug,611,470,463,219,211
Tiszavalk,244,205,204,73,110
Tiszavasvári,9122,6499,6422,2714,3245
Tiszavid,375,200,199,136,59
Tiszavárkony,1227,970,965,349,537
Tiszaörs,965,661,655,348,241
Tiszaújváros,14099,11764,11712,2968,7866
Tisztaberek,470,332,319,200,93
Tivadar,141,124,123,51,64
Tokaj,2719,2159,2136,753,1230
Tokod,3295,2491,2474,923,1377
Tokodaltáró,2214,1702,1676,644,894
Tokorcs,288,247,237,118,105
Tolcsva,1224,932,914,363,463
Told,235,126,112,67,27
Tolmács,595,502,502,212,251
Tolna,8555,6650,6621,2833,3289
Tolnanémedi,734,532,530,258,225
Tomajmonostora,492,360,359,204,137
Tomor,167,131,127,75,39
Tompa,3397,2194,2186,985,965
Tompaládony,246,207,204,127,63
Tordas,1623,1407,1401,456,825
Tormafölde,246,196,196,99,82
Tormás,188,139,137,78,51
Tormásliget,241,202,196,102,77
Tornabarakony,16,12,12,5,6
Tornakápolna,17,17,17,9,6
Tornanádaska,422,266,260,222,23
Tornaszentandrás,120,91,90,47,38
Tornaszentjakab,123,79,78,46,31
Tornyiszentmiklós,401,302,298,150,121
Tornyosnémeti,254,198,194,127,53
Tornyospálca,1819,1286,1275,621,581
Torony,1543,1273,1266,585,590
Torvaj,169,127,126,63,53
Trizs,144,118,117,54,46
Tunyogmatolcs,1794,1245,1240,648,533
Tura,6101,4678,4645,2171,2087
Tuzsér,2344,1617,1589,946,501
Tyukod,1439,994,983,551,339
Táborfalva,2625,1944,1936,751,1021
Tác,1372,1133,1125,481,538
Tákos,267,217,211,131,74
Tállya,1280,927,915,301,501
Táp,599,505,502,224,244
Tápióbicske,2818,2020,1982,870,887
Tápiógyörgye,2745,1839,1831,740,940
Tápiószecső,4831,3764,3739,1478,1947
Tápiószele,4671,3171,3106,1369,1494
Tápiószentmárton,4628,3499,3480,1632,1569
Tápiószőlős,2381,1674,1649,720,783
Tápióság,2176,1693,1682,644,902
Táplánszentkereszt,2050,1752,1739,746,870
Tápszentmiklós,716,590,587,214,331
Tárkány,1148,872,856,431,370
Tárnok,8234,6826,6781,2169,4022
Tárnokréti,153,122,122,58,55
Táska,247,192,192,127,52
Tát,4237,3449,3435,1121,2057
Tázlár,1289,985,975,500,364
Téglás,4975,3868,3843,1458,2079
Tékes,165,115,110,54,36
Tényő,1392,1169,1164,502,571
Tépe,754,600,595,301,259
Tés,690,573,569,263,255
Tésa,74,64,64,20,34
Tésenfa,129,89,87,47,24
Téseny,219,136,133,55,50
Tét,3200,2469,2448,1214,1001
Tóalmás,3177,2248,2210,954,1038
Tófalu,415,303,300,169,98
Tófej,512,413,412,198,167
Tófű,86,67,65,29,30
Tószeg,3484,2760,2755,935,1577
Tótkomlós,4290,3163,3139,1158,1710
Tótszentgyörgy,114,95,95,49,36
Tótszentmárton,603,460,460,190,227
Tótszerdahely,867,668,667,274,339
Tótvázsony,1089,914,909,350,445
Tótújfalu,168,122,122,67,35
Tök,1121,948,945,389,455
Tököl,8312,6650,6633,2227,3846
Töltéstava,1714,1455,1446,526,791
Tömörd,234,213,213,102,94
Tömörkény,1289,944,927,439,397
Törtel,3323,2319,2289,1105,1025
Törökbálint,10925,9268,9223,2776,5608
Törökkoppány,300,212,210,100,87
Törökszentmiklós,17970,13875,13703,4274,7822
Töttös,390,298,297,164,106
Túristvándi,507,369,367,217,132
Túrkeve,6313,4543,4498,1919,2224
Túrony,207,156,155,62,76
Túrricse,497,376,370,228,128
Türje,1211,871,867,437,365
Tüskevár,434,342,341,172,142
Udvar,96,82,81,43,24
Udvari,220,163,163,104,53
Ugod,999,772,763,325,341
Ukk,223,160,159,82,65
Und,257,222,222,105,95
Uppony,226,163,162,55,93
Ura,436,311,307,155,131
Uraiújfalu,676,527,524,225,255
Uszka,334,244,243,184,47
Uszód,696,531,524,237,249
Uzsa,247,213,211,69,123
Vadna,477,367,365,103,230
Vadosfa,62,57,57,38,16
Vaja,2567,1973,1948,1160,651
Vajdácska,925,616,612,293,273
Vajszló,1326,994,987,431,451
Vajta,591,434,429,187,191
Valkonya,46,39,39,14,18
Valkó,1931,1339,1331,680,555
Vanyarc,913,653,643,312,235
Vanyola,398,296,294,194,83
Varbó,851,698,694,220,414
Varbóc,44,38,38,18,14
Varga,57,46,45,30,12
Varsád,255,194,193,92,76
Varsány,1197,916,906,491,259
Varászló,85,62,60,38,18
Vasad,1590,1278,1263,548,605
Vasalja,251,208,207,112,84
Vasasszonyfa,345,302,300,153,121
Vasboldogasszony,452,380,378,206,156
Vasegerszeg,287,241,238,146,80
Vashosszúfalu,289,247,244,115,106
Vaskeresztes,257,230,224,106,65
Vaskút,2574,1970,1904,778,879
Vasmegyer,1294,858,849,453,345
Vaspör,290,251,250,148,92
Vassurány,589,504,500,257,204
Vasszentmihály,280,238,232,107,99
Vasszilvágy,326,274,271,127,117
Vasszécseny,1056,905,899,368,473
Vasvár,3193,2579,2563,1262,1131
Vaszar,1224,977,974,552,342
Vatta,677,551,547,245,268
Vecsés,18335,15358,15279,4802,9027
Vejti,115,88,87,53,27
Vekerd,86,71,71,39,25
Velem,317,279,277,114,126
Velemér,60,49,47,22,19
Velence,5699,4906,4888,1594,2901
Velény,103,69,67,17,45
Vereb,644,517,500,233,231
Veresegyház,15401,13481,13437,3831,8504
Verpelét,2828,2084,2060,1044,840
Verseg,1003,750,742,344,291
Versend,663,445,418,237,106
Verőce,3009,2570,2551,917,1363
Veszkény,756,673,667,332,286
Veszprém,43062,36574,36399,10556,22884
Veszprémfajsz,200,183,180,42,93
Veszprémgalsa,230,180,180,81,86
Veszprémvarsány,777,637,632,241,322
Vezseny,475,364,359,111,206
Vid,83,46,43,27,15
Vigántpetend,145,107,107,44,55
Villány,1695,1342,1329,562,625
Villánykövesd,173,148,147,61,51
Vilmány,899,482,466,325,127
Vilonya,562,450,448,156,252
Vilyvitány,190,135,134,65,57
Vindornyafok,91,75,75,46,23
Vindornyalak,58,39,39,18,13
Vindornyaszőlős,266,224,223,122,82
Vinár,171,149,149,78,56
Visegrád,1304,1062,1044,451,451
Visnye,152,116,115,46,45
Visonta,973,801,797,253,470
Viss,384,206,200,82,76
Visz,135,106,105,55,48
Viszló,49,44,44,24,17
Visznek,873,681,679,316,287
Viszák,205,188,187,99,72
Vitnyéd,1116,965,960,447,425
Vizslás,948,698,691,274,365
Vizsoly,579,433,431,257,128
Vokány,652,473,467,177,202
Vonyarcvashegy,1879,1565,1556,638,770
Vác,28170,23776,23662,8055,13628
Vácduka,1409,1165,1161,411,654
Vácegres,731,568,560,257,246
Váchartyán,1486,1220,1218,530,577
Váckisújfalu,386,329,327,139,154
Vácrátót,2054,1774,1764,641,999
Vácszentlászló,1756,1420,1411,584,684
Vág,409,302,299,138,137
Vágáshuta,74,55,55,29,21
Vál,2091,1726,1715,775,825
Vállaj,982,630,627,386,206
Vállus,88,73,71,28,35
Vámosatya,426,284,279,156,98
Vámoscsalád,239,202,201,122,66
Vámosgyörk,1554,1209,1201,481,587
Vámosmikola,1094,799,795,453,265
Vámosoroszi,367,277,275,208,51
Vámospércs,4158,3109,3087,1301,1557
Vámosszabadi,2235,1996,1989,594,1240
Vámosújfalu,554,462,454,193,195
Váncsod,889,618,611,319,272
Várad,112,76,75,31,43
Váralja,601,452,451,254,151
Váraszó,385,299,288,103,152
Várbalog,272,215,211,134,71
Várda,321,269,268,108,128
Várdomb,883,722,716,259,379
Várfölde,157,116,114,44,61
Várgesztes,509,437,433,108,251
Várkesző,140,113,113,44,61
Várong,96,69,67,35,21
Városföld,1646,1330,1330,618,584
Városlőd,1039,814,800,283,369
Várpalota,15247,12155,12093,3839,7177
Várvölgy,769,593,587,317,213
Vászoly,213,189,187,90,83
Vásárosbéc,148,117,113,37,62
Vásárosdombó,802,566,559,270,251
Vásárosfalu,131,104,103,49,44
Vásárosmiske,280,234,233,139,72
Vásárosnamény,9714,7965,7896,3030,4406
Vát,537,442,439,202,212
Vázsnok,92,66,66,35,25
Vécs,466,347,347,177,141
Végegyháza,934,624,611,260,300
Vékény,112,92,92,36,47
Véménd,1007,700,685,234,198
Vének,160,132,132,63,61
Vép,2613,2065,2057,953,950
Vértesacsa,1420,1131,1131,605,445
Vértesboglár,713,635,629,256,271
Vérteskethely,460,345,345,142,176
Vértessomló,1134,978,974,269,555
Vértesszőlős,2797,2169,2155,728,1256
Vértestolna,446,373,372,101,212
Vése,514,353,352,171,154
Vésztő,4897,3452,3412,1674,1464
Vízvár,389,285,280,96,153
Vöckönd,69,62,62,32,21
Völcsej,323,285,284,132,128
Vönöck,566,476,471,250,174
Vörs,318,264,264,134,106
Vöröstó,78,65,64,21,25
Zabar,309,195,193,128,53
Zagyvarékas,2761,1864,1850,840,838
Zagyvaszántó,1463,1164,1160,501,544
Zajk,152,121,120,63,50
Zajta,314,213,208,127,53
Zala,189,152,152,90,46
Zalaapáti,1155,886,881,461,338
Zalabaksa,453,343,341,168,145
Zalaboldogfa,294,248,248,125,107
Zalabér,531,415,409,182,188
Zalacsány,792,627,624,297,263
Zalacséb,363,296,295,113,156
Zalaegerszeg,45571,38054,37866,13408,21346
Zalaerdőd,193,148,148,60,77
Zalagyömörő,324,251,250,142,90
Zalahaláp,982,773,769,306,394
Zalaháshágy,292,250,249,127,96
Zalaigrice,71,54,54,38,14
Zalaistvánd,286,236,236,124,94
Zalakaros,1911,1521,1515,610,774
Zalakomár,2014,1386,1374,830,430
Zalaköveskút,29,27,27,15,9
Zalalövő,2193,1761,1750,902,686
Zalameggyes,51,33,33,19,12
Zalamerenye,138,109,108,47,53
Zalaszabar,402,297,290,148,110
Zalaszegvár,110,98,98,47,45
Zalaszentbalázs,645,537,536,212,292
Zalaszentgrót,4738,3760,3740,1641,1802
Zalaszentgyörgy,313,276,275,147,108
Zalaszentiván,770,638,633,307,285
Zalaszentjakab,221,160,160,86,60
Zalaszentlászló,558,423,420,201,161
Zalaszentlőrinc,206,170,170,100,55
Zalaszentmihály,754,559,559,255,267
Zalaszentmárton,63,52,52,29,14
Zalaszombatfa,30,27,27,9,16
Zalaszántó,725,585,577,284,243
Zalasárszeg,107,85,85,40,38
Zalatárnok,471,363,357,200,125
Zalavár,666,501,500,241,200
Zalavég,271,200,199,113,71
Zalaújlak,79,63,62,27,26
Zalkod,149,111,108,58,41
Zaláta,167,111,107,66,32
Zamárdi,1995,1625,1612,649,806
Zaránk,357,273,272,134,115
Zebecke,39,28,28,13,14
Zebegény,983,862,858,338,408
Zemplénagárd,446,270,265,147,83
Zengővárkony,323,287,284,128,98
Zichyújfalu,696,566,563,287,244
Zics,256,189,187,99,76
Ziliz,283,205,203,84,96
Zimány,387,277,276,109,144
Zirc,5036,4208,4187,1459,2359
Zomba,1547,1283,1278,616,557
Zsadány,1120,830,824,411,335
Zsana,532,426,425,173,170
Zsarolyán,321,231,229,131,88
Zsebeháza,122,106,105,52,47
Zselickisfalud,183,139,129,42,62
Zselickislak,317,248,245,103,118
Zselicszentpál,335,285,285,105,150
Zsennye,81,66,65,41,19
Zsira,516,432,430,183,208
Zsombó,2784,2316,2309,754,1311
Zsujta,194,157,155,111,34
Zsurk,509,361,357,150,173
Zsáka,1116,798,768,355,340
Zsámbok,1949,1466,1459,657,677
Zsámbék,4307,3651,3623,1375,1911
Zsédeny,173,138,137,50,72
Zubogy,373,305,305,105,171
Zádor,231,166,164,69,73
Zádorfalva,315,198,183,121,54
Záhony,3129,2352,2330,737,1425
Zákány,810,631,627,279,299
Zákányfalu,391,285,284,120,143
Zákányszék,2126,1666,1661,798,637
Zámoly,1815,1459,1453,593,678
Zánka,756,650,643,227,361
Závod,184,144,144,67,57
Zók,220,164,164,68,79
Ábrahámhegy,467,411,407,188,180
Ács,5463,4058,4028,1759,1977
Ácsteszér,549,426,421,207,182
Ádánd,1720,1328,1322,591,609
Ág,128,101,98,52,43
Ágasegyháza,1474,1124,1120,528,458
Ágfalva,1805,1535,1520,583,744
Álmosd,1349,983,966,476,426
Áporka,971,771,771,304,383
Ároktő,756,510,501,271,188
Árpádhalom,337,269,268,110,137
Árpás,225,186,185,89,76
Ártánd,551,359,353,230,97
Ásotthalom,3078,2224,2205,740,817
Ásványráró,1708,1381,1371,677,600
Ászár,1347,1080,1076,418,575
Áta,147,121,121,46,61
Átány,994,594,574,359,119
Écs,1709,1472,1470,539,781
Égerszög,42,39,39,23,11
Érd,57511,48621,48424,15362,29032
Érpatak,1293,930,925,463,408
Érsekcsanád,2197,1599,1589,695,712
Érsekhalma,442,331,327,109,184
Érsekvadkert,2714,2091,2081,966,930
Értény,506,329,328,271,44
Óbarok,712,539,532,195,284
Óbudavár,43,37,36,11,19
Óbánya,85,72,71,23,26
Ócsa,7678,6163,6143,2661,3015
Ócsárd,288,221,219,93,103
Ófalu,259,209,205,72,60
Ófehértó,1986,1341,1311,728,476
Óföldeák,380,280,280,127,122
Óhíd,420,324,321,115,179
Ólmod,80,62,61,34,21
Ónod,1685,1105,1093,403,574
Ópusztaszer,1475,1080,1074,398,558
Ópályi,2075,1357,1340,762,490
Ózd,26193,17526,17380,6685,8996
Ózdfalu,110,84,82,37,44
Öcs,163,119,119,56,50
Öcsöd,2258,1496,1476,703,596
Ököritófülpös,1243,826,816,521,249
Ölbő,532,434,431,220,183
Ömböly,345,200,199,112,78
Öregcsertő,566,416,414,153,210
Öreglak,1070,751,724,353,295
Örkény,3691,2461,2448,1102,1119
Örményes,779,617,609,215,338
Örménykút,240,187,182,96,71
Örvényes,137,123,123,54,51
Öskü,1759,1432,1428,529,762
Öttevény,2337,1987,1967,791,1009
Öttömös,523,399,399,159,195
Ötvöskónyi,600,424,412,241,144
Újbarok,398,326,325,123,138
Újcsanálos,576,415,415,196,188
Újdombrád,480,376,376,167,170
Újfehértó,9601,7513,7492,3050,3958
Újhartyán,2287,1965,1952,735,901
Újireg,190,148,148,64,77
Újiráz,358,265,263,129,117
Újkenéz,702,467,458,267,165
Újkér,759,637,636,350,222
Újkígyós,3901,3020,2994,1203,1515
Újlengyel,1468,1218,1183,548,524
Újléta,795,501,488,248,219
Újlőrincfalva,172,127,127,55,61
Újpetre,762,578,569,180,310
Újrónafő,629,493,491,204,237
Újsolt,136,110,109,34,53
Újszalonta,75,50,50,26,17
Újszentiván,1574,1291,1281,396,780
Újszentmargita,1066,681,678,350,269
Újszilvás,2105,1560,1552,767,656
Újszász,4694,3462,3432,1440,1670
Újtelek,269,225,224,121,90
Újtikos,650,488,487,199,236
Újudvar,767,595,593,221,324
Újvárfalva,160,109,108,77,30
Úny,575,464,462,196,228
Úrhida,2140,1855,1846,580,1076
Úri,2015,1627,1614,660,788
Úrkút,1564,1247,1240,412,609
Üllés,2499,1900,1894,727,982
Üllő,9922,8118,8101,2816,4598
Üröm,6306,5534,5518,1545,3515
Őcsény,1822,1392,1383,550,700
Őr,1122,783,775,390,319
Őrbottyán,6411,5389,5362,1892,3030
Őrhalom,817,626,619,239,295
Őrimagyarósd,159,127,127,72,47
Őriszentpéter,852,709,704,293,345
Őrtilos,350,275,274,140,110
Ősagárd,253,237,235,94,105
Ősi,1566,1258,1248,505,630
